url,filename,status,error
https://students.craftingcases.com/courses/take/structure-from-scratch/lessons/69744960-the-structure-from-scratch-system,01_module-1-the-structure-from-scratch-system/01_the-structure-from-scratch-system.mp4,success,
https://students.craftingcases.com/courses/take/structure-from-scratch/lessons/69745573-what-is-structuring,002_what-is-structuring.mp4,success,
https://students.craftingcases.com/courses/take/structure-from-scratch/lessons/69746076-the-4-types-of-cases,003_the-4-types-of-cases.mp4,success,
https://students.craftingcases.com/courses/take/structure-from-scratch/lessons/69747386-the-tools-of-the-trade,004_the-tools-of-the-trade.mp4,success,
https://students.craftingcases.com/courses/take/structure-from-scratch/lessons/69868062-what-else-brainstorming-the-pivoting-technique-advanced,07_module-7-structured-throughout-the-case/20_what-else-brainstorming-the-pivoting-technique-advanced.mp4,failure,"attempt 2: BrowserType.launch: Target page, context or browser has been closed
Browser logs:

╔════════════════════════════════════════════════════════════════════════════════════════════════╗
║ Looks like you launched a headed browser without having a XServer running.                     ║
║ Set either 'headless: true' or use 'xvfb-run <your-playwright-app>' before running Playwright. ║
║                                                                                                ║
║ <3 Playwright Team                                                                             ║
╚════════════════════════════════════════════════════════════════════════════════════════════════╝
Call log:
  - <launching> /opt/google/chrome/chrome --disable-field-trial-config --disable-background-networking --disable-background-timer-throttling --disable-backgrounding-occluded-windows --disable-back-forward-cache --disable-breakpad --disable-client-side-phishing-detection --disable-component-extensions-with-background-pages --disable-component-update --no-default-browser-check --disable-default-apps --disable-dev-shm-usage --disable-edgeupdater --disable-extensions --disable-features=AvoidUnnecessaryBeforeUnloadCheckSync,DestroyProfileOnBrowserClose,DialMediaRouteProvider,GlobalMediaControls,HttpsUpgrades,LensOverlay,MediaRouter,PaintHolding,ThirdPartyStoragePartitioning,BlockOriginHeaderModificationOnRedirect,Translate,AutoDeElevate,OptimizationHints,msForceBrowserSignIn,msEdgeUpdateLaunchServicesPreferredVersion --enable-features=CDPScreenshotNewSurface --allow-pre-commit-input --disable-hang-monitor --disable-ipc-flooding-protection --disable-popup-blocking --disable-prompt-on-repost --disable-renderer-backgrounding --disable-updater-scheduler --force-color-profile=srgb --metrics-recording-only --no-first-run --password-store=basic --use-mock-keychain --no-service-autorun --export-tagged-pdf --disable-search-engine-choice-screen --unsafely-disable-devtools-self-xss-warnings --edge-skip-compat-layer-relaunch --disable-infobars --disable-search-engine-choice-screen --disable-sync --enable-unsafe-swiftshader --no-sandbox --proxy-server=http://127.0.0.1:33977 --proxy-bypass-list=<-loopback> --no-sandbox --test-type --window-position=0,0 --window-size=1920,1280 --disable-quic --autoplay-policy=no-user-gesture-required --hide-scrollbars --disable-infobars --noerrdialogs --user-data-dir=/tmp/playwright_chromiumdev_profile-B8MBtu --remote-debugging-pipe --no-startup-window
  - <launched> pid=651
  - [pid=651][err] [1002/122836.981362:WARNING:chrome/app/chrome_main_linux.cc:84] Read channel stable from /opt/google/chrome/CHROME_VERSION_EXTRA
  - [pid=651][err] [651:670:1002/122837.036929:ERROR:dbus/bus.cc:405] Failed to connect to the bus: Failed to connect to socket /run/dbus/system_bus_socket: No such file or directory
  - [pid=651][err] [651:670:1002/122837.036980:ERROR:dbus/bus.cc:405] Failed to connect to the bus: Could not parse server address: Unknown address type (examples of valid types are ""tcp"" and on UNIX ""unix"")
  - [pid=651][err] [651:651:1002/122837.038620:ERROR:ui/ozone/platform/x11/ozone_platform_x11.cc:257] Missing X server or $DISPLAY
  - [pid=651][err] [651:651:1002/122837.038651:ERROR:ui/aura/env.cc:246] The platform failed to initialize.  Exiting.
  - [pid=651] <gracefully close start>
  - [pid=651] <kill>
  - [pid=651] <will force kill>
  - [pid=651] <process did exit: exitCode=1, signal=null>
  - [pid=651] starting temporary directories cleanup
  - [pid=651] finished temporary directories cleanup
  - [pid=651] <gracefully close end>
"
https://students.craftingcases.com/courses/take/structure-from-scratch/lessons/69812127-objective-driven-building-blocks,05_module-5-objective-driven-structures/06_objective-driven-building-blocks.mp4,failure,"attempt 2: BrowserType.launch: Target page, context or browser has been closed
Browser logs:

╔════════════════════════════════════════════════════════════════════════════════════════════════╗
║ Looks like you launched a headed browser without having a XServer running.                     ║
║ Set either 'headless: true' or use 'xvfb-run <your-playwright-app>' before running Playwright. ║
║                                                                                                ║
║ <3 Playwright Team                                                                             ║
╚════════════════════════════════════════════════════════════════════════════════════════════════╝
Call log:
  - <launching> /opt/google/chrome/chrome --disable-field-trial-config --disable-background-networking --disable-background-timer-throttling --disable-backgrounding-occluded-windows --disable-back-forward-cache --disable-breakpad --disable-client-side-phishing-detection --disable-component-extensions-with-background-pages --disable-component-update --no-default-browser-check --disable-default-apps --disable-dev-shm-usage --disable-edgeupdater --disable-extensions --disable-features=AvoidUnnecessaryBeforeUnloadCheckSync,DestroyProfileOnBrowserClose,DialMediaRouteProvider,GlobalMediaControls,HttpsUpgrades,LensOverlay,MediaRouter,PaintHolding,ThirdPartyStoragePartitioning,BlockOriginHeaderModificationOnRedirect,Translate,AutoDeElevate,OptimizationHints,msForceBrowserSignIn,msEdgeUpdateLaunchServicesPreferredVersion --enable-features=CDPScreenshotNewSurface --allow-pre-commit-input --disable-hang-monitor --disable-ipc-flooding-protection --disable-popup-blocking --disable-prompt-on-repost --disable-renderer-backgrounding --disable-updater-scheduler --force-color-profile=srgb --metrics-recording-only --no-first-run --password-store=basic --use-mock-keychain --no-service-autorun --export-tagged-pdf --disable-search-engine-choice-screen --unsafely-disable-devtools-self-xss-warnings --edge-skip-compat-layer-relaunch --disable-infobars --disable-search-engine-choice-screen --disable-sync --enable-unsafe-swiftshader --no-sandbox --proxy-server=http://127.0.0.1:33977 --proxy-bypass-list=<-loopback> --no-sandbox --test-type --window-position=0,0 --window-size=1920,1280 --disable-quic --autoplay-policy=no-user-gesture-required --hide-scrollbars --disable-infobars --noerrdialogs --user-data-dir=/tmp/playwright_chromiumdev_profile-DkGm2b --remote-debugging-pipe --no-startup-window
  - <launched> pid=725
  - [pid=725][err] [1002/122838.308051:WARNING:chrome/app/chrome_main_linux.cc:84] Read channel stable from /opt/google/chrome/CHROME_VERSION_EXTRA
  - [pid=725][err] [725:741:1002/122838.398492:ERROR:dbus/bus.cc:405] Failed to connect to the bus: Failed to connect to socket /run/dbus/system_bus_socket: No such file or directory
  - [pid=725][err] [725:741:1002/122838.399645:ERROR:dbus/bus.cc:405] Failed to connect to the bus: Could not parse server address: Unknown address type (examples of valid types are ""tcp"" and on UNIX ""unix"")
  - [pid=725][err] [725:725:1002/122838.402913:ERROR:ui/ozone/platform/x11/ozone_platform_x11.cc:257] Missing X server or $DISPLAY
  - [pid=725][err] [725:725:1002/122838.403103:ERROR:ui/aura/env.cc:246] The platform failed to initialize.  Exiting.
  - [pid=725] <gracefully close start>
  - [pid=725] <kill>
  - [pid=725] <will force kill>
  - [pid=725] <process did exit: exitCode=1, signal=null>
  - [pid=725] starting temporary directories cleanup
  - [pid=725] finished temporary directories cleanup
  - [pid=725] <gracefully close end>
"
https://students.craftingcases.com/courses/take/structure-from-scratch/lessons/69762006-diagnosis-cases,03_module-3-diagnosis-cases/01_diagnosis-cases.mp4,failure,"attempt 2: BrowserType.launch: Target page, context or browser has been closed
Browser logs:

╔════════════════════════════════════════════════════════════════════════════════════════════════╗
║ Looks like you launched a headed browser without having a XServer running.                     ║
║ Set either 'headless: true' or use 'xvfb-run <your-playwright-app>' before running Playwright. ║
║                                                                                                ║
║ <3 Playwright Team                                                                             ║
╚════════════════════════════════════════════════════════════════════════════════════════════════╝
Call log:
  - <launching> /opt/google/chrome/chrome --disable-field-trial-config --disable-background-networking --disable-background-timer-throttling --disable-backgrounding-occluded-windows --disable-back-forward-cache --disable-breakpad --disable-client-side-phishing-detection --disable-component-extensions-with-background-pages --disable-component-update --no-default-browser-check --disable-default-apps --disable-dev-shm-usage --disable-edgeupdater --disable-extensions --disable-features=AvoidUnnecessaryBeforeUnloadCheckSync,DestroyProfileOnBrowserClose,DialMediaRouteProvider,GlobalMediaControls,HttpsUpgrades,LensOverlay,MediaRouter,PaintHolding,ThirdPartyStoragePartitioning,BlockOriginHeaderModificationOnRedirect,Translate,AutoDeElevate,OptimizationHints,msForceBrowserSignIn,msEdgeUpdateLaunchServicesPreferredVersion --enable-features=CDPScreenshotNewSurface --allow-pre-commit-input --disable-hang-monitor --disable-ipc-flooding-protection --disable-popup-blocking --disable-prompt-on-repost --disable-renderer-backgrounding --disable-updater-scheduler --force-color-profile=srgb --metrics-recording-only --no-first-run --password-store=basic --use-mock-keychain --no-service-autorun --export-tagged-pdf --disable-search-engine-choice-screen --unsafely-disable-devtools-self-xss-warnings --edge-skip-compat-layer-relaunch --disable-infobars --disable-search-engine-choice-screen --disable-sync --enable-unsafe-swiftshader --no-sandbox --proxy-server=http://127.0.0.1:33977 --proxy-bypass-list=<-loopback> --no-sandbox --test-type --window-position=0,0 --window-size=1920,1280 --disable-quic --autoplay-policy=no-user-gesture-required --hide-scrollbars --disable-infobars --noerrdialogs --user-data-dir=/tmp/playwright_chromiumdev_profile-6BhjFn --remote-debugging-pipe --no-startup-window
  - <launched> pid=821
  - [pid=821][err] [1002/122839.687025:WARNING:chrome/app/chrome_main_linux.cc:84] Read channel stable from /opt/google/chrome/CHROME_VERSION_EXTRA
  - [pid=821][err] [821:837:1002/122839.726844:ERROR:dbus/bus.cc:405] Failed to connect to the bus: Failed to connect to socket /run/dbus/system_bus_socket: No such file or directory
  - [pid=821][err] [821:837:1002/122839.727044:ERROR:dbus/bus.cc:405] Failed to connect to the bus: Could not parse server address: Unknown address type (examples of valid types are ""tcp"" and on UNIX ""unix"")
  - [pid=821][err] [821:821:1002/122839.729076:ERROR:ui/ozone/platform/x11/ozone_platform_x11.cc:257] Missing X server or $DISPLAY
  - [pid=821][err] [821:821:1002/122839.729109:ERROR:ui/aura/env.cc:246] The platform failed to initialize.  Exiting.
  - [pid=821] <gracefully close start>
  - [pid=821] <kill>
  - [pid=821] <will force kill>
  - [pid=821] <process did exit: exitCode=1, signal=null>
  - [pid=821] starting temporary directories cleanup
  - [pid=821] finished temporary directories cleanup
  - [pid=821] <gracefully close end>
"
https://students.craftingcases.com/courses/take/structure-from-scratch/lessons/69807570-strategic-decisions,04_module-4-strategic-decisions/01_strategic-decisions.mp4,failure,"attempt 2: BrowserType.launch: Target page, context or browser has been closed
Browser logs:

╔════════════════════════════════════════════════════════════════════════════════════════════════╗
║ Looks like you launched a headed browser without having a XServer running.                     ║
║ Set either 'headless: true' or use 'xvfb-run <your-playwright-app>' before running Playwright. ║
║                                                                                                ║
║ <3 Playwright Team                                                                             ║
╚════════════════════════════════════════════════════════════════════════════════════════════════╝
Call log:
  - <launching> /opt/google/chrome/chrome --disable-field-trial-config --disable-background-networking --disable-background-timer-throttling --disable-backgrounding-occluded-windows --disable-back-forward-cache --disable-breakpad --disable-client-side-phishing-detection --disable-component-extensions-with-background-pages --disable-component-update --no-default-browser-check --disable-default-apps --disable-dev-shm-usage --disable-edgeupdater --disable-extensions --disable-features=AvoidUnnecessaryBeforeUnloadCheckSync,DestroyProfileOnBrowserClose,DialMediaRouteProvider,GlobalMediaControls,HttpsUpgrades,LensOverlay,MediaRouter,PaintHolding,ThirdPartyStoragePartitioning,BlockOriginHeaderModificationOnRedirect,Translate,AutoDeElevate,OptimizationHints,msForceBrowserSignIn,msEdgeUpdateLaunchServicesPreferredVersion --enable-features=CDPScreenshotNewSurface --allow-pre-commit-input --disable-hang-monitor --disable-ipc-flooding-protection --disable-popup-blocking --disable-prompt-on-repost --disable-renderer-backgrounding --disable-updater-scheduler --force-color-profile=srgb --metrics-recording-only --no-first-run --password-store=basic --use-mock-keychain --no-service-autorun --export-tagged-pdf --disable-search-engine-choice-screen --unsafely-disable-devtools-self-xss-warnings --edge-skip-compat-layer-relaunch --disable-infobars --disable-search-engine-choice-screen --disable-sync --enable-unsafe-swiftshader --no-sandbox --proxy-server=http://127.0.0.1:33977 --proxy-bypass-list=<-loopback> --no-sandbox --test-type --window-position=0,0 --window-size=1920,1280 --disable-quic --autoplay-policy=no-user-gesture-required --hide-scrollbars --disable-infobars --noerrdialogs --user-data-dir=/tmp/playwright_chromiumdev_profile-FvExqS --remote-debugging-pipe --no-startup-window
  - <launched> pid=897
  - [pid=897][err] [1002/122840.885634:WARNING:chrome/app/chrome_main_linux.cc:84] Read channel stable from /opt/google/chrome/CHROME_VERSION_EXTRA
  - [pid=897][err] [897:913:1002/122841.013798:ERROR:dbus/bus.cc:405] Failed to connect to the bus: Failed to connect to socket /run/dbus/system_bus_socket: No such file or directory
  - [pid=897][err] [897:913:1002/122841.013840:ERROR:dbus/bus.cc:405] Failed to connect to the bus: Could not parse server address: Unknown address type (examples of valid types are ""tcp"" and on UNIX ""unix"")
  - [pid=897][err] [897:897:1002/122841.018667:ERROR:ui/ozone/platform/x11/ozone_platform_x11.cc:257] Missing X server or $DISPLAY
  - [pid=897][err] [897:897:1002/122841.018723:ERROR:ui/aura/env.cc:246] The platform failed to initialize.  Exiting.
  - [pid=897] <gracefully close start>
  - [pid=897] <kill>
  - [pid=897] <will force kill>
  - [pid=897] <process did exit: exitCode=1, signal=null>
  - [pid=897] starting temporary directories cleanup
  - [pid=897] finished temporary directories cleanup
  - [pid=897] <gracefully close end>
"
https://students.craftingcases.com/courses/take/structure-from-scratch/lessons/69812920-open-ended-strategy,06_module-6-open-ended-strategy/01_open-ended-strategy.mp4,failure,"attempt 2: BrowserType.launch: Target page, context or browser has been closed
Browser logs:

╔════════════════════════════════════════════════════════════════════════════════════════════════╗
║ Looks like you launched a headed browser without having a XServer running.                     ║
║ Set either 'headless: true' or use 'xvfb-run <your-playwright-app>' before running Playwright. ║
║                                                                                                ║
║ <3 Playwright Team                                                                             ║
╚════════════════════════════════════════════════════════════════════════════════════════════════╝
Call log:
  - <launching> /opt/google/chrome/chrome --disable-field-trial-config --disable-background-networking --disable-background-timer-throttling --disable-backgrounding-occluded-windows --disable-back-forward-cache --disable-breakpad --disable-client-side-phishing-detection --disable-component-extensions-with-background-pages --disable-component-update --no-default-browser-check --disable-default-apps --disable-dev-shm-usage --disable-edgeupdater --disable-extensions --disable-features=AvoidUnnecessaryBeforeUnloadCheckSync,DestroyProfileOnBrowserClose,DialMediaRouteProvider,GlobalMediaControls,HttpsUpgrades,LensOverlay,MediaRouter,PaintHolding,ThirdPartyStoragePartitioning,BlockOriginHeaderModificationOnRedirect,Translate,AutoDeElevate,OptimizationHints,msForceBrowserSignIn,msEdgeUpdateLaunchServicesPreferredVersion --enable-features=CDPScreenshotNewSurface --allow-pre-commit-input --disable-hang-monitor --disable-ipc-flooding-protection --disable-popup-blocking --disable-prompt-on-repost --disable-renderer-backgrounding --disable-updater-scheduler --force-color-profile=srgb --metrics-recording-only --no-first-run --password-store=basic --use-mock-keychain --no-service-autorun --export-tagged-pdf --disable-search-engine-choice-screen --unsafely-disable-devtools-self-xss-warnings --edge-skip-compat-layer-relaunch --disable-infobars --disable-search-engine-choice-screen --disable-sync --enable-unsafe-swiftshader --no-sandbox --proxy-server=http://127.0.0.1:33977 --proxy-bypass-list=<-loopback> --no-sandbox --test-type --window-position=0,0 --window-size=1920,1280 --disable-quic --autoplay-policy=no-user-gesture-required --hide-scrollbars --disable-infobars --noerrdialogs --user-data-dir=/tmp/playwright_chromiumdev_profile-ClTNcZ --remote-debugging-pipe --no-startup-window
  - <launched> pid=971
  - [pid=971][err] [1002/122842.011013:WARNING:chrome/app/chrome_main_linux.cc:84] Read channel stable from /opt/google/chrome/CHROME_VERSION_EXTRA
  - [pid=971][err] [971:987:1002/122842.062603:ERROR:dbus/bus.cc:405] Failed to connect to the bus: Failed to connect to socket /run/dbus/system_bus_socket: No such file or directory
  - [pid=971][err] [971:987:1002/122842.062663:ERROR:dbus/bus.cc:405] Failed to connect to the bus: Could not parse server address: Unknown address type (examples of valid types are ""tcp"" and on UNIX ""unix"")
  - [pid=971][err] [971:971:1002/122842.064840:ERROR:ui/ozone/platform/x11/ozone_platform_x11.cc:257] Missing X server or $DISPLAY
  - [pid=971][err] [971:971:1002/122842.065087:ERROR:ui/aura/env.cc:246] The platform failed to initialize.  Exiting.
  - [pid=971] <gracefully close start>
  - [pid=971] <kill>
  - [pid=971] <will force kill>
  - [pid=971] <process did exit: exitCode=1, signal=null>
  - [pid=971] starting temporary directories cleanup
  - [pid=971] finished temporary directories cleanup
  - [pid=971] <gracefully close end>
"
https://students.craftingcases.com/courses/take/structure-from-scratch/lessons/69812961-building-option-trees,06_module-6-open-ended-strategy/02_building-option-trees.mp4,failure,"attempt 2: BrowserType.launch: Target page, context or browser has been closed
Browser logs:

╔════════════════════════════════════════════════════════════════════════════════════════════════╗
║ Looks like you launched a headed browser without having a XServer running.                     ║
║ Set either 'headless: true' or use 'xvfb-run <your-playwright-app>' before running Playwright. ║
║                                                                                                ║
║ <3 Playwright Team                                                                             ║
╚════════════════════════════════════════════════════════════════════════════════════════════════╝
Call log:
  - <launching> /opt/google/chrome/chrome --disable-field-trial-config --disable-background-networking --disable-background-timer-throttling --disable-backgrounding-occluded-windows --disable-back-forward-cache --disable-breakpad --disable-client-side-phishing-detection --disable-component-extensions-with-background-pages --disable-component-update --no-default-browser-check --disable-default-apps --disable-dev-shm-usage --disable-edgeupdater --disable-extensions --disable-features=AvoidUnnecessaryBeforeUnloadCheckSync,DestroyProfileOnBrowserClose,DialMediaRouteProvider,GlobalMediaControls,HttpsUpgrades,LensOverlay,MediaRouter,PaintHolding,ThirdPartyStoragePartitioning,BlockOriginHeaderModificationOnRedirect,Translate,AutoDeElevate,OptimizationHints,msForceBrowserSignIn,msEdgeUpdateLaunchServicesPreferredVersion --enable-features=CDPScreenshotNewSurface --allow-pre-commit-input --disable-hang-monitor --disable-ipc-flooding-protection --disable-popup-blocking --disable-prompt-on-repost --disable-renderer-backgrounding --disable-updater-scheduler --force-color-profile=srgb --metrics-recording-only --no-first-run --password-store=basic --use-mock-keychain --no-service-autorun --export-tagged-pdf --disable-search-engine-choice-screen --unsafely-disable-devtools-self-xss-warnings --edge-skip-compat-layer-relaunch --disable-infobars --disable-search-engine-choice-screen --disable-sync --enable-unsafe-swiftshader --no-sandbox --proxy-server=http://127.0.0.1:33977 --proxy-bypass-list=<-loopback> --no-sandbox --test-type --window-position=0,0 --window-size=1920,1280 --disable-quic --autoplay-policy=no-user-gesture-required --hide-scrollbars --disable-infobars --noerrdialogs --user-data-dir=/tmp/playwright_chromiumdev_profile-NxE6H1 --remote-debugging-pipe --no-startup-window
  - <launched> pid=1051
  - [pid=1051][err] [1002/122843.156896:WARNING:chrome/app/chrome_main_linux.cc:84] Read channel stable from /opt/google/chrome/CHROME_VERSION_EXTRA
  - [pid=1051][err] [1051:1067:1002/122843.294994:ERROR:dbus/bus.cc:405] Failed to connect to the bus: Failed to connect to socket /run/dbus/system_bus_socket: No such file or directory
  - [pid=1051][err] [1051:1067:1002/122843.295061:ERROR:dbus/bus.cc:405] Failed to connect to the bus: Could not parse server address: Unknown address type (examples of valid types are ""tcp"" and on UNIX ""unix"")
  - [pid=1051][err] [1051:1051:1002/122843.296770:ERROR:ui/ozone/platform/x11/ozone_platform_x11.cc:257] Missing X server or $DISPLAY
  - [pid=1051][err] [1051:1051:1002/122843.296783:ERROR:ui/aura/env.cc:246] The platform failed to initialize.  Exiting.
  - [pid=1051] <gracefully close start>
  - [pid=1051] <kill>
  - [pid=1051] <will force kill>
  - [pid=1051] <process did exit: exitCode=1, signal=null>
  - [pid=1051] starting temporary directories cleanup
  - [pid=1051] finished temporary directories cleanup
  - [pid=1051] <gracefully close end>
"
https://students.craftingcases.com/courses/take/structure-from-scratch/lessons/69868364-80-20-brainstorming-the-focus-and-expand-technique-advanced,07_module-7-structured-throughout-the-case/22_80-20-brainstorming-the-focus-and-expand-technique-advanced.mp4,failure,"attempt 2: BrowserType.launch: Target page, context or browser has been closed
Browser logs:

╔════════════════════════════════════════════════════════════════════════════════════════════════╗
║ Looks like you launched a headed browser without having a XServer running.                     ║
║ Set either 'headless: true' or use 'xvfb-run <your-playwright-app>' before running Playwright. ║
║                                                                                                ║
║ <3 Playwright Team                                                                             ║
╚════════════════════════════════════════════════════════════════════════════════════════════════╝
Call log:
  - <launching> /opt/google/chrome/chrome --disable-field-trial-config --disable-background-networking --disable-background-timer-throttling --disable-backgrounding-occluded-windows --disable-back-forward-cache --disable-breakpad --disable-client-side-phishing-detection --disable-component-extensions-with-background-pages --disable-component-update --no-default-browser-check --disable-default-apps --disable-dev-shm-usage --disable-edgeupdater --disable-extensions --disable-features=AvoidUnnecessaryBeforeUnloadCheckSync,DestroyProfileOnBrowserClose,DialMediaRouteProvider,GlobalMediaControls,HttpsUpgrades,LensOverlay,MediaRouter,PaintHolding,ThirdPartyStoragePartitioning,BlockOriginHeaderModificationOnRedirect,Translate,AutoDeElevate,OptimizationHints,msForceBrowserSignIn,msEdgeUpdateLaunchServicesPreferredVersion --enable-features=CDPScreenshotNewSurface --allow-pre-commit-input --disable-hang-monitor --disable-ipc-flooding-protection --disable-popup-blocking --disable-prompt-on-repost --disable-renderer-backgrounding --disable-updater-scheduler --force-color-profile=srgb --metrics-recording-only --no-first-run --password-store=basic --use-mock-keychain --no-service-autorun --export-tagged-pdf --disable-search-engine-choice-screen --unsafely-disable-devtools-self-xss-warnings --edge-skip-compat-layer-relaunch --disable-infobars --disable-search-engine-choice-screen --disable-sync --enable-unsafe-swiftshader --no-sandbox --proxy-server=http://127.0.0.1:33977 --proxy-bypass-list=<-loopback> --no-sandbox --test-type --window-position=0,0 --window-size=1920,1280 --disable-quic --autoplay-policy=no-user-gesture-required --hide-scrollbars --disable-infobars --noerrdialogs --user-data-dir=/tmp/playwright_chromiumdev_profile-LqxzYC --remote-debugging-pipe --no-startup-window
  - <launched> pid=1140
  - [pid=1140][err] [1002/122844.825270:WARNING:chrome/app/chrome_main_linux.cc:84] Read channel stable from /opt/google/chrome/CHROME_VERSION_EXTRA
  - [pid=1140][err] [1140:1173:1002/122844.965435:ERROR:dbus/bus.cc:405] Failed to connect to the bus: Failed to connect to socket /run/dbus/system_bus_socket: No such file or directory
  - [pid=1140][err] [1140:1173:1002/122844.965469:ERROR:dbus/bus.cc:405] Failed to connect to the bus: Could not parse server address: Unknown address type (examples of valid types are ""tcp"" and on UNIX ""unix"")
  - [pid=1140][err] [1140:1140:1002/122844.967870:ERROR:ui/ozone/platform/x11/ozone_platform_x11.cc:257] Missing X server or $DISPLAY
  - [pid=1140][err] [1140:1140:1002/122844.967893:ERROR:ui/aura/env.cc:246] The platform failed to initialize.  Exiting.
  - [pid=1140] <gracefully close start>
  - [pid=1140] <kill>
  - [pid=1140] <will force kill>
  - [pid=1140] <process did exit: exitCode=1, signal=null>
  - [pid=1140] starting temporary directories cleanup
  - [pid=1140] finished temporary directories cleanup
  - [pid=1140] <gracefully close end>
"
https://students.craftingcases.com/courses/take/structure-from-scratch/lessons/69830691-drill-ecommerce-conversions,03_module-3-diagnosis-cases/03_drill-ecommerce-conversions.mp4,failure,"attempt 2: BrowserType.launch: Target page, context or browser has been closed
Browser logs:

╔════════════════════════════════════════════════════════════════════════════════════════════════╗
║ Looks like you launched a headed browser without having a XServer running.                     ║
║ Set either 'headless: true' or use 'xvfb-run <your-playwright-app>' before running Playwright. ║
║                                                                                                ║
║ <3 Playwright Team                                                                             ║
╚════════════════════════════════════════════════════════════════════════════════════════════════╝
Call log:
  - <launching> /opt/google/chrome/chrome --disable-field-trial-config --disable-background-networking --disable-background-timer-throttling --disable-backgrounding-occluded-windows --disable-back-forward-cache --disable-breakpad --disable-client-side-phishing-detection --disable-component-extensions-with-background-pages --disable-component-update --no-default-browser-check --disable-default-apps --disable-dev-shm-usage --disable-edgeupdater --disable-extensions --disable-features=AvoidUnnecessaryBeforeUnloadCheckSync,DestroyProfileOnBrowserClose,DialMediaRouteProvider,GlobalMediaControls,HttpsUpgrades,LensOverlay,MediaRouter,PaintHolding,ThirdPartyStoragePartitioning,BlockOriginHeaderModificationOnRedirect,Translate,AutoDeElevate,OptimizationHints,msForceBrowserSignIn,msEdgeUpdateLaunchServicesPreferredVersion --enable-features=CDPScreenshotNewSurface --allow-pre-commit-input --disable-hang-monitor --disable-ipc-flooding-protection --disable-popup-blocking --disable-prompt-on-repost --disable-renderer-backgrounding --disable-updater-scheduler --force-color-profile=srgb --metrics-recording-only --no-first-run --password-store=basic --use-mock-keychain --no-service-autorun --export-tagged-pdf --disable-search-engine-choice-screen --unsafely-disable-devtools-self-xss-warnings --edge-skip-compat-layer-relaunch --disable-infobars --disable-search-engine-choice-screen --disable-sync --enable-unsafe-swiftshader --no-sandbox --proxy-server=http://127.0.0.1:33977 --proxy-bypass-list=<-loopback> --no-sandbox --test-type --window-position=0,0 --window-size=1920,1280 --disable-quic --autoplay-policy=no-user-gesture-required --hide-scrollbars --disable-infobars --noerrdialogs --user-data-dir=/tmp/playwright_chromiumdev_profile-NNl8pE --remote-debugging-pipe --no-startup-window
  - <launched> pid=1378
  - [pid=1378][err] [1002/122847.058273:WARNING:chrome/app/chrome_main_linux.cc:84] Read channel stable from /opt/google/chrome/CHROME_VERSION_EXTRA
  - [pid=1378][err] [1378:1395:1002/122847.236873:ERROR:dbus/bus.cc:405] Failed to connect to the bus: Failed to connect to socket /run/dbus/system_bus_socket: No such file or directory
  - [pid=1378][err] [1378:1395:1002/122847.238087:ERROR:dbus/bus.cc:405] Failed to connect to the bus: Could not parse server address: Unknown address type (examples of valid types are ""tcp"" and on UNIX ""unix"")
  - [pid=1378][err] [1378:1378:1002/122847.239197:ERROR:ui/ozone/platform/x11/ozone_platform_x11.cc:257] Missing X server or $DISPLAY
  - [pid=1378][err] [1378:1378:1002/122847.239407:ERROR:ui/aura/env.cc:246] The platform failed to initialize.  Exiting.
  - [pid=1378] <gracefully close start>
  - [pid=1378] <kill>
  - [pid=1378] <will force kill>
  - [pid=1378][err] [1383:1383:0100/000000.260289:ERROR:content/zygote/zygote_linux.cc:662] write: Broken pipe (32)
  - [pid=1378] <process did exit: exitCode=1, signal=null>
  - [pid=1378] starting temporary directories cleanup
  - [pid=1378] finished temporary directories cleanup
  - [pid=1378] <gracefully close end>
"
https://students.craftingcases.com/courses/take/structure-from-scratch/lessons/69868144-pivoting-technique-drill-traffic-bottlenecks,07_module-7-structured-throughout-the-case/21_pivoting-technique-drill-traffic-bottlenecks.mp4,failure,"attempt 2: BrowserType.launch: Target page, context or browser has been closed
Browser logs:

╔════════════════════════════════════════════════════════════════════════════════════════════════╗
║ Looks like you launched a headed browser without having a XServer running.                     ║
║ Set either 'headless: true' or use 'xvfb-run <your-playwright-app>' before running Playwright. ║
║                                                                                                ║
║ <3 Playwright Team                                                                             ║
╚════════════════════════════════════════════════════════════════════════════════════════════════╝
Call log:
  - <launching> /opt/google/chrome/chrome --disable-field-trial-config --disable-background-networking --disable-background-timer-throttling --disable-backgrounding-occluded-windows --disable-back-forward-cache --disable-breakpad --disable-client-side-phishing-detection --disable-component-extensions-with-background-pages --disable-component-update --no-default-browser-check --disable-default-apps --disable-dev-shm-usage --disable-edgeupdater --disable-extensions --disable-features=AvoidUnnecessaryBeforeUnloadCheckSync,DestroyProfileOnBrowserClose,DialMediaRouteProvider,GlobalMediaControls,HttpsUpgrades,LensOverlay,MediaRouter,PaintHolding,ThirdPartyStoragePartitioning,BlockOriginHeaderModificationOnRedirect,Translate,AutoDeElevate,OptimizationHints,msForceBrowserSignIn,msEdgeUpdateLaunchServicesPreferredVersion --enable-features=CDPScreenshotNewSurface --allow-pre-commit-input --disable-hang-monitor --disable-ipc-flooding-protection --disable-popup-blocking --disable-prompt-on-repost --disable-renderer-backgrounding --disable-updater-scheduler --force-color-profile=srgb --metrics-recording-only --no-first-run --password-store=basic --use-mock-keychain --no-service-autorun --export-tagged-pdf --disable-search-engine-choice-screen --unsafely-disable-devtools-self-xss-warnings --edge-skip-compat-layer-relaunch --disable-infobars --disable-search-engine-choice-screen --disable-sync --enable-unsafe-swiftshader --no-sandbox --proxy-server=http://127.0.0.1:33977 --proxy-bypass-list=<-loopback> --no-sandbox --test-type --window-position=0,0 --window-size=1920,1280 --disable-quic --autoplay-policy=no-user-gesture-required --hide-scrollbars --disable-infobars --noerrdialogs --user-data-dir=/tmp/playwright_chromiumdev_profile-6xbtxV --remote-debugging-pipe --no-startup-window
  - <launched> pid=1453
  - [pid=1453][err] [1002/122848.607732:WARNING:chrome/app/chrome_main_linux.cc:84] Read channel stable from /opt/google/chrome/CHROME_VERSION_EXTRA
  - [pid=1453][err] [1453:1469:1002/122848.659409:ERROR:dbus/bus.cc:405] Failed to connect to the bus: Failed to connect to socket /run/dbus/system_bus_socket: No such file or directory
  - [pid=1453][err] [1453:1469:1002/122848.659842:ERROR:dbus/bus.cc:405] Failed to connect to the bus: Could not parse server address: Unknown address type (examples of valid types are ""tcp"" and on UNIX ""unix"")
  - [pid=1453][err] [1453:1453:1002/122848.661394:ERROR:ui/ozone/platform/x11/ozone_platform_x11.cc:257] Missing X server or $DISPLAY
  - [pid=1453][err] [1453:1453:1002/122848.661436:ERROR:ui/aura/env.cc:246] The platform failed to initialize.  Exiting.
  - [pid=1453] <gracefully close start>
  - [pid=1453] <kill>
  - [pid=1453] <will force kill>
  - [pid=1453] <process did exit: exitCode=1, signal=null>
  - [pid=1453] starting temporary directories cleanup
  - [pid=1453] finished temporary directories cleanup
  - [pid=1453] <gracefully close end>
"
https://students.craftingcases.com/courses/take/structure-from-scratch/lessons/69845108-drill-ai-traffic-lights-pricing,06_module-6-open-ended-strategy/05_drill-ai-traffic-lights-pricing.mp4,failure,"attempt 2: BrowserType.launch: Target page, context or browser has been closed
Browser logs:

╔════════════════════════════════════════════════════════════════════════════════════════════════╗
║ Looks like you launched a headed browser without having a XServer running.                     ║
║ Set either 'headless: true' or use 'xvfb-run <your-playwright-app>' before running Playwright. ║
║                                                                                                ║
║ <3 Playwright Team                                                                             ║
╚════════════════════════════════════════════════════════════════════════════════════════════════╝
Call log:
  - <launching> /opt/google/chrome/chrome --disable-field-trial-config --disable-background-networking --disable-background-timer-throttling --disable-backgrounding-occluded-windows --disable-back-forward-cache --disable-breakpad --disable-client-side-phishing-detection --disable-component-extensions-with-background-pages --disable-component-update --no-default-browser-check --disable-default-apps --disable-dev-shm-usage --disable-edgeupdater --disable-extensions --disable-features=AvoidUnnecessaryBeforeUnloadCheckSync,DestroyProfileOnBrowserClose,DialMediaRouteProvider,GlobalMediaControls,HttpsUpgrades,LensOverlay,MediaRouter,PaintHolding,ThirdPartyStoragePartitioning,BlockOriginHeaderModificationOnRedirect,Translate,AutoDeElevate,OptimizationHints,msForceBrowserSignIn,msEdgeUpdateLaunchServicesPreferredVersion --enable-features=CDPScreenshotNewSurface --allow-pre-commit-input --disable-hang-monitor --disable-ipc-flooding-protection --disable-popup-blocking --disable-prompt-on-repost --disable-renderer-backgrounding --disable-updater-scheduler --force-color-profile=srgb --metrics-recording-only --no-first-run --password-store=basic --use-mock-keychain --no-service-autorun --export-tagged-pdf --disable-search-engine-choice-screen --unsafely-disable-devtools-self-xss-warnings --edge-skip-compat-layer-relaunch --disable-infobars --disable-search-engine-choice-screen --disable-sync --enable-unsafe-swiftshader --no-sandbox --proxy-server=http://127.0.0.1:33977 --proxy-bypass-list=<-loopback> --no-sandbox --test-type --window-position=0,0 --window-size=1920,1280 --disable-quic --autoplay-policy=no-user-gesture-required --hide-scrollbars --disable-infobars --noerrdialogs --user-data-dir=/tmp/playwright_chromiumdev_profile-ZopaTE --remote-debugging-pipe --no-startup-window
  - <launched> pid=1550
  - [pid=1550][err] [1002/122850.414524:WARNING:chrome/app/chrome_main_linux.cc:84] Read channel stable from /opt/google/chrome/CHROME_VERSION_EXTRA
  - [pid=1550][err] [1550:1567:1002/122850.550000:ERROR:dbus/bus.cc:405] Failed to connect to the bus: Failed to connect to socket /run/dbus/system_bus_socket: No such file or directory
  - [pid=1550][err] [1550:1567:1002/122850.550041:ERROR:dbus/bus.cc:405] Failed to connect to the bus: Could not parse server address: Unknown address type (examples of valid types are ""tcp"" and on UNIX ""unix"")
  - [pid=1550][err] [1550:1550:1002/122850.552958:ERROR:ui/ozone/platform/x11/ozone_platform_x11.cc:257] Missing X server or $DISPLAY
  - [pid=1550][err] [1550:1550:1002/122850.552986:ERROR:ui/aura/env.cc:246] The platform failed to initialize.  Exiting.
  - [pid=1550] <gracefully close start>
  - [pid=1550] <kill>
  - [pid=1550] <will force kill>
  - [pid=1550] <process did exit: exitCode=1, signal=null>
  - [pid=1550] starting temporary directories cleanup
  - [pid=1550] finished temporary directories cleanup
  - [pid=1550] <gracefully close end>
"
https://students.craftingcases.com/courses/take/structure-from-scratch/lessons/69868479-focus-and-expand-drill-prioritization-masterclass,07_module-7-structured-throughout-the-case/23_focus-and-expand-drill-prioritization-masterclass.mp4,failure,"attempt 2: BrowserType.launch: Target page, context or browser has been closed
Browser logs:

╔════════════════════════════════════════════════════════════════════════════════════════════════╗
║ Looks like you launched a headed browser without having a XServer running.                     ║
║ Set either 'headless: true' or use 'xvfb-run <your-playwright-app>' before running Playwright. ║
║                                                                                                ║
║ <3 Playwright Team                                                                             ║
╚════════════════════════════════════════════════════════════════════════════════════════════════╝
Call log:
  - <launching> /opt/google/chrome/chrome --disable-field-trial-config --disable-background-networking --disable-background-timer-throttling --disable-backgrounding-occluded-windows --disable-back-forward-cache --disable-breakpad --disable-client-side-phishing-detection --disable-component-extensions-with-background-pages --disable-component-update --no-default-browser-check --disable-default-apps --disable-dev-shm-usage --disable-edgeupdater --disable-extensions --disable-features=AvoidUnnecessaryBeforeUnloadCheckSync,DestroyProfileOnBrowserClose,DialMediaRouteProvider,GlobalMediaControls,HttpsUpgrades,LensOverlay,MediaRouter,PaintHolding,ThirdPartyStoragePartitioning,BlockOriginHeaderModificationOnRedirect,Translate,AutoDeElevate,OptimizationHints,msForceBrowserSignIn,msEdgeUpdateLaunchServicesPreferredVersion --enable-features=CDPScreenshotNewSurface --allow-pre-commit-input --disable-hang-monitor --disable-ipc-flooding-protection --disable-popup-blocking --disable-prompt-on-repost --disable-renderer-backgrounding --disable-updater-scheduler --force-color-profile=srgb --metrics-recording-only --no-first-run --password-store=basic --use-mock-keychain --no-service-autorun --export-tagged-pdf --disable-search-engine-choice-screen --unsafely-disable-devtools-self-xss-warnings --edge-skip-compat-layer-relaunch --disable-infobars --disable-search-engine-choice-screen --disable-sync --enable-unsafe-swiftshader --no-sandbox --proxy-server=http://127.0.0.1:33977 --proxy-bypass-list=<-loopback> --no-sandbox --test-type --window-position=0,0 --window-size=1920,1280 --disable-quic --autoplay-policy=no-user-gesture-required --hide-scrollbars --disable-infobars --noerrdialogs --user-data-dir=/tmp/playwright_chromiumdev_profile-097rnp --remote-debugging-pipe --no-startup-window
  - <launched> pid=1624
  - [pid=1624][err] [1002/122851.987568:WARNING:chrome/app/chrome_main_linux.cc:84] Read channel stable from /opt/google/chrome/CHROME_VERSION_EXTRA
  - [pid=1624][err] [1624:1646:1002/122852.132961:ERROR:dbus/bus.cc:405] Failed to connect to the bus: Failed to connect to socket /run/dbus/system_bus_socket: No such file or directory
  - [pid=1624][err] [1624:1646:1002/122852.132995:ERROR:dbus/bus.cc:405] Failed to connect to the bus: Could not parse server address: Unknown address type (examples of valid types are ""tcp"" and on UNIX ""unix"")
  - [pid=1624][err] [1624:1624:1002/122852.137315:ERROR:ui/ozone/platform/x11/ozone_platform_x11.cc:257] Missing X server or $DISPLAY
  - [pid=1624][err] [1624:1624:1002/122852.140024:ERROR:ui/aura/env.cc:246] The platform failed to initialize.  Exiting.
  - [pid=1624] <gracefully close start>
  - [pid=1624] <kill>
  - [pid=1624] <will force kill>
  - [pid=1624] <process did exit: exitCode=1, signal=null>
  - [pid=1624] starting temporary directories cleanup
  - [pid=1624] finished temporary directories cleanup
  - [pid=1624] <gracefully close end>
"
https://students.craftingcases.com/courses/take/structure-from-scratch/lessons/69834758-drill-fashion-m-a,04_module-4-strategic-decisions/03_drill-fashion-m-a.mp4,failure,"attempt 2: BrowserType.launch: Target page, context or browser has been closed
Browser logs:

╔════════════════════════════════════════════════════════════════════════════════════════════════╗
║ Looks like you launched a headed browser without having a XServer running.                     ║
║ Set either 'headless: true' or use 'xvfb-run <your-playwright-app>' before running Playwright. ║
║                                                                                                ║
║ <3 Playwright Team                                                                             ║
╚════════════════════════════════════════════════════════════════════════════════════════════════╝
Call log:
  - <launching> /opt/google/chrome/chrome --disable-field-trial-config --disable-background-networking --disable-background-timer-throttling --disable-backgrounding-occluded-windows --disable-back-forward-cache --disable-breakpad --disable-client-side-phishing-detection --disable-component-extensions-with-background-pages --disable-component-update --no-default-browser-check --disable-default-apps --disable-dev-shm-usage --disable-edgeupdater --disable-extensions --disable-features=AvoidUnnecessaryBeforeUnloadCheckSync,DestroyProfileOnBrowserClose,DialMediaRouteProvider,GlobalMediaControls,HttpsUpgrades,LensOverlay,MediaRouter,PaintHolding,ThirdPartyStoragePartitioning,BlockOriginHeaderModificationOnRedirect,Translate,AutoDeElevate,OptimizationHints,msForceBrowserSignIn,msEdgeUpdateLaunchServicesPreferredVersion --enable-features=CDPScreenshotNewSurface --allow-pre-commit-input --disable-hang-monitor --disable-ipc-flooding-protection --disable-popup-blocking --disable-prompt-on-repost --disable-renderer-backgrounding --disable-updater-scheduler --force-color-profile=srgb --metrics-recording-only --no-first-run --password-store=basic --use-mock-keychain --no-service-autorun --export-tagged-pdf --disable-search-engine-choice-screen --unsafely-disable-devtools-self-xss-warnings --edge-skip-compat-layer-relaunch --disable-infobars --disable-search-engine-choice-screen --disable-sync --enable-unsafe-swiftshader --no-sandbox --proxy-server=http://127.0.0.1:33977 --proxy-bypass-list=<-loopback> --no-sandbox --test-type --window-position=0,0 --window-size=1920,1280 --disable-quic --autoplay-policy=no-user-gesture-required --hide-scrollbars --disable-infobars --noerrdialogs --user-data-dir=/tmp/playwright_chromiumdev_profile-zcquKr --remote-debugging-pipe --no-startup-window
  - <launched> pid=1718
  - [pid=1718][err] [1002/122853.516037:WARNING:chrome/app/chrome_main_linux.cc:84] Read channel stable from /opt/google/chrome/CHROME_VERSION_EXTRA
  - [pid=1718][err] [1718:1735:1002/122853.582499:ERROR:dbus/bus.cc:405] Failed to connect to the bus: Failed to connect to socket /run/dbus/system_bus_socket: No such file or directory
  - [pid=1718][err] [1718:1735:1002/122853.582529:ERROR:dbus/bus.cc:405] Failed to connect to the bus: Could not parse server address: Unknown address type (examples of valid types are ""tcp"" and on UNIX ""unix"")
  - [pid=1718][err] [1718:1718:1002/122853.587601:ERROR:ui/ozone/platform/x11/ozone_platform_x11.cc:257] Missing X server or $DISPLAY
  - [pid=1718][err] [1718:1718:1002/122853.587617:ERROR:ui/aura/env.cc:246] The platform failed to initialize.  Exiting.
  - [pid=1718] <gracefully close start>
  - [pid=1718] <kill>
  - [pid=1718] <will force kill>
  - [pid=1718] <process did exit: exitCode=1, signal=null>
  - [pid=1718] starting temporary directories cleanup
  - [pid=1718] finished temporary directories cleanup
  - [pid=1718] <gracefully close end>
"
https://students.craftingcases.com/courses/take/structure-from-scratch/lessons/69845111-drill-sanitation-public-sector,06_module-6-open-ended-strategy/06_drill-sanitation-public-sector.mp4,failure,"attempt 2: BrowserType.launch: Target page, context or browser has been closed
Browser logs:

╔════════════════════════════════════════════════════════════════════════════════════════════════╗
║ Looks like you launched a headed browser without having a XServer running.                     ║
║ Set either 'headless: true' or use 'xvfb-run <your-playwright-app>' before running Playwright. ║
║                                                                                                ║
║ <3 Playwright Team                                                                             ║
╚════════════════════════════════════════════════════════════════════════════════════════════════╝
Call log:
  - <launching> /opt/google/chrome/chrome --disable-field-trial-config --disable-background-networking --disable-background-timer-throttling --disable-backgrounding-occluded-windows --disable-back-forward-cache --disable-breakpad --disable-client-side-phishing-detection --disable-component-extensions-with-background-pages --disable-component-update --no-default-browser-check --disable-default-apps --disable-dev-shm-usage --disable-edgeupdater --disable-extensions --disable-features=AvoidUnnecessaryBeforeUnloadCheckSync,DestroyProfileOnBrowserClose,DialMediaRouteProvider,GlobalMediaControls,HttpsUpgrades,LensOverlay,MediaRouter,PaintHolding,ThirdPartyStoragePartitioning,BlockOriginHeaderModificationOnRedirect,Translate,AutoDeElevate,OptimizationHints,msForceBrowserSignIn,msEdgeUpdateLaunchServicesPreferredVersion --enable-features=CDPScreenshotNewSurface --allow-pre-commit-input --disable-hang-monitor --disable-ipc-flooding-protection --disable-popup-blocking --disable-prompt-on-repost --disable-renderer-backgrounding --disable-updater-scheduler --force-color-profile=srgb --metrics-recording-only --no-first-run --password-store=basic --use-mock-keychain --no-service-autorun --export-tagged-pdf --disable-search-engine-choice-screen --unsafely-disable-devtools-self-xss-warnings --edge-skip-compat-layer-relaunch --disable-infobars --disable-search-engine-choice-screen --disable-sync --enable-unsafe-swiftshader --no-sandbox --proxy-server=http://127.0.0.1:33977 --proxy-bypass-list=<-loopback> --no-sandbox --test-type --window-position=0,0 --window-size=1920,1280 --disable-quic --autoplay-policy=no-user-gesture-required --hide-scrollbars --disable-infobars --noerrdialogs --user-data-dir=/tmp/playwright_chromiumdev_profile-A4kIce --remote-debugging-pipe --no-startup-window
  - <launched> pid=1940
  - [pid=1940][err] [1002/122855.848067:WARNING:chrome/app/chrome_main_linux.cc:84] Read channel stable from /opt/google/chrome/CHROME_VERSION_EXTRA
  - [pid=1940][err] [1940:1940:1002/122856.007086:ERROR:ui/ozone/platform/x11/ozone_platform_x11.cc:257] Missing X server or $DISPLAY
  - [pid=1940][err] [1940:1940:1002/122856.007451:ERROR:ui/aura/env.cc:246] The platform failed to initialize.  Exiting.
  - [pid=1940][err] [1940:1956:1002/122856.020031:ERROR:dbus/bus.cc:405] Failed to connect to the bus: Failed to connect to socket /run/dbus/system_bus_socket: No such file or directory
  - [pid=1940][err] [1940:1956:1002/122856.020084:ERROR:dbus/bus.cc:405] Failed to connect to the bus: Could not parse server address: Unknown address type (examples of valid types are ""tcp"" and on UNIX ""unix"")
  - [pid=1940] <gracefully close start>
  - [pid=1940] <kill>
  - [pid=1940] <will force kill>
  - [pid=1940] <process did exit: exitCode=1, signal=null>
  - [pid=1940] starting temporary directories cleanup
  - [pid=1940] finished temporary directories cleanup
  - [pid=1940] <gracefully close end>
"
https://students.craftingcases.com/courses/take/structure-from-scratch/lessons/70854982-drill-suplement-manufacturing-pe,05_module-5-objective-driven-structures/10_drill-suplement-manufacturing-pe.mp4,failure,"attempt 2: BrowserType.launch: Target page, context or browser has been closed
Browser logs:

╔════════════════════════════════════════════════════════════════════════════════════════════════╗
║ Looks like you launched a headed browser without having a XServer running.                     ║
║ Set either 'headless: true' or use 'xvfb-run <your-playwright-app>' before running Playwright. ║
║                                                                                                ║
║ <3 Playwright Team                                                                             ║
╚════════════════════════════════════════════════════════════════════════════════════════════════╝
Call log:
  - <launching> /opt/google/chrome/chrome --disable-field-trial-config --disable-background-networking --disable-background-timer-throttling --disable-backgrounding-occluded-windows --disable-back-forward-cache --disable-breakpad --disable-client-side-phishing-detection --disable-component-extensions-with-background-pages --disable-component-update --no-default-browser-check --disable-default-apps --disable-dev-shm-usage --disable-edgeupdater --disable-extensions --disable-features=AvoidUnnecessaryBeforeUnloadCheckSync,DestroyProfileOnBrowserClose,DialMediaRouteProvider,GlobalMediaControls,HttpsUpgrades,LensOverlay,MediaRouter,PaintHolding,ThirdPartyStoragePartitioning,BlockOriginHeaderModificationOnRedirect,Translate,AutoDeElevate,OptimizationHints,msForceBrowserSignIn,msEdgeUpdateLaunchServicesPreferredVersion --enable-features=CDPScreenshotNewSurface --allow-pre-commit-input --disable-hang-monitor --disable-ipc-flooding-protection --disable-popup-blocking --disable-prompt-on-repost --disable-renderer-backgrounding --disable-updater-scheduler --force-color-profile=srgb --metrics-recording-only --no-first-run --password-store=basic --use-mock-keychain --no-service-autorun --export-tagged-pdf --disable-search-engine-choice-screen --unsafely-disable-devtools-self-xss-warnings --edge-skip-compat-layer-relaunch --disable-infobars --disable-search-engine-choice-screen --disable-sync --enable-unsafe-swiftshader --no-sandbox --proxy-server=http://127.0.0.1:33977 --proxy-bypass-list=<-loopback> --no-sandbox --test-type --window-position=0,0 --window-size=1920,1280 --disable-quic --autoplay-policy=no-user-gesture-required --hide-scrollbars --disable-infobars --noerrdialogs --user-data-dir=/tmp/playwright_chromiumdev_profile-7ahKup --remote-debugging-pipe --no-startup-window
  - <launched> pid=2017
  - [pid=2017][err] [1002/122858.631503:WARNING:chrome/app/chrome_main_linux.cc:84] Read channel stable from /opt/google/chrome/CHROME_VERSION_EXTRA
  - [pid=2017][err] [2017:2033:1002/122858.747794:ERROR:dbus/bus.cc:405] Failed to connect to the bus: Failed to connect to socket /run/dbus/system_bus_socket: No such file or directory
  - [pid=2017][err] [2017:2017:1002/122858.749793:ERROR:ui/ozone/platform/x11/ozone_platform_x11.cc:257] Missing X server or $DISPLAY
  - [pid=2017][err] [2017:2017:1002/122858.749808:ERROR:ui/aura/env.cc:246] The platform failed to initialize.  Exiting.
  - [pid=2017][err] [2017:2033:1002/122858.750752:ERROR:dbus/bus.cc:405] Failed to connect to the bus: Could not parse server address: Unknown address type (examples of valid types are ""tcp"" and on UNIX ""unix"")
  - [pid=2017] <gracefully close start>
  - [pid=2017] <kill>
  - [pid=2017] <will force kill>
  - [pid=2017] <process did exit: exitCode=1, signal=null>
  - [pid=2017] starting temporary directories cleanup
  - [pid=2017] finished temporary directories cleanup
  - [pid=2017] <gracefully close end>
"
https://students.craftingcases.com/courses/take/structure-from-scratch/lessons/70854988-drill-college-vc-new-product,05_module-5-objective-driven-structures/11_drill-college-vc-new-product.mp4,failure,"attempt 2: BrowserType.launch: Target page, context or browser has been closed
Browser logs:

╔════════════════════════════════════════════════════════════════════════════════════════════════╗
║ Looks like you launched a headed browser without having a XServer running.                     ║
║ Set either 'headless: true' or use 'xvfb-run <your-playwright-app>' before running Playwright. ║
║                                                                                                ║
║ <3 Playwright Team                                                                             ║
╚════════════════════════════════════════════════════════════════════════════════════════════════╝
Call log:
  - <launching> /opt/google/chrome/chrome --disable-field-trial-config --disable-background-networking --disable-background-timer-throttling --disable-backgrounding-occluded-windows --disable-back-forward-cache --disable-breakpad --disable-client-side-phishing-detection --disable-component-extensions-with-background-pages --disable-component-update --no-default-browser-check --disable-default-apps --disable-dev-shm-usage --disable-edgeupdater --disable-extensions --disable-features=AvoidUnnecessaryBeforeUnloadCheckSync,DestroyProfileOnBrowserClose,DialMediaRouteProvider,GlobalMediaControls,HttpsUpgrades,LensOverlay,MediaRouter,PaintHolding,ThirdPartyStoragePartitioning,BlockOriginHeaderModificationOnRedirect,Translate,AutoDeElevate,OptimizationHints,msForceBrowserSignIn,msEdgeUpdateLaunchServicesPreferredVersion --enable-features=CDPScreenshotNewSurface --allow-pre-commit-input --disable-hang-monitor --disable-ipc-flooding-protection --disable-popup-blocking --disable-prompt-on-repost --disable-renderer-backgrounding --disable-updater-scheduler --force-color-profile=srgb --metrics-recording-only --no-first-run --password-store=basic --use-mock-keychain --no-service-autorun --export-tagged-pdf --disable-search-engine-choice-screen --unsafely-disable-devtools-self-xss-warnings --edge-skip-compat-layer-relaunch --disable-infobars --disable-search-engine-choice-screen --disable-sync --enable-unsafe-swiftshader --no-sandbox --proxy-server=http://127.0.0.1:33977 --proxy-bypass-list=<-loopback> --no-sandbox --test-type --window-position=0,0 --window-size=1920,1280 --disable-quic --autoplay-policy=no-user-gesture-required --hide-scrollbars --disable-infobars --noerrdialogs --user-data-dir=/tmp/playwright_chromiumdev_profile-WZsjq7 --remote-debugging-pipe --no-startup-window
  - <launched> pid=2115
  - [pid=2115][err] [1002/122900.271663:WARNING:chrome/app/chrome_main_linux.cc:84] Read channel stable from /opt/google/chrome/CHROME_VERSION_EXTRA
  - [pid=2115][err] [2115:2133:1002/122900.371397:ERROR:dbus/bus.cc:405] Failed to connect to the bus: Failed to connect to socket /run/dbus/system_bus_socket: No such file or directory
  - [pid=2115][err] [2115:2133:1002/122900.371591:ERROR:dbus/bus.cc:405] Failed to connect to the bus: Could not parse server address: Unknown address type (examples of valid types are ""tcp"" and on UNIX ""unix"")
  - [pid=2115][err] [2115:2115:1002/122900.374916:ERROR:ui/ozone/platform/x11/ozone_platform_x11.cc:257] Missing X server or $DISPLAY
  - [pid=2115][err] [2115:2115:1002/122900.374929:ERROR:ui/aura/env.cc:246] The platform failed to initialize.  Exiting.
  - [pid=2115] <gracefully close start>
  - [pid=2115] <kill>
  - [pid=2115] <will force kill>
  - [pid=2115] <process did exit: exitCode=1, signal=null>
  - [pid=2115] starting temporary directories cleanup
  - [pid=2115] finished temporary directories cleanup
  - [pid=2115] <gracefully close end>
"
https://students.craftingcases.com/courses/take/structure-from-scratch/lessons/69762015-building-mece-issue-trees,03_module-3-diagnosis-cases/02_building-mece-issue-trees.mp4,failure,"attempt 2: BrowserType.launch: Target page, context or browser has been closed
Browser logs:

╔════════════════════════════════════════════════════════════════════════════════════════════════╗
║ Looks like you launched a headed browser without having a XServer running.                     ║
║ Set either 'headless: true' or use 'xvfb-run <your-playwright-app>' before running Playwright. ║
║                                                                                                ║
║ <3 Playwright Team                                                                             ║
╚════════════════════════════════════════════════════════════════════════════════════════════════╝
Call log:
  - <launching> /opt/google/chrome/chrome --disable-field-trial-config --disable-background-networking --disable-background-timer-throttling --disable-backgrounding-occluded-windows --disable-back-forward-cache --disable-breakpad --disable-client-side-phishing-detection --disable-component-extensions-with-background-pages --disable-component-update --no-default-browser-check --disable-default-apps --disable-dev-shm-usage --disable-edgeupdater --disable-extensions --disable-features=AvoidUnnecessaryBeforeUnloadCheckSync,DestroyProfileOnBrowserClose,DialMediaRouteProvider,GlobalMediaControls,HttpsUpgrades,LensOverlay,MediaRouter,PaintHolding,ThirdPartyStoragePartitioning,BlockOriginHeaderModificationOnRedirect,Translate,AutoDeElevate,OptimizationHints,msForceBrowserSignIn,msEdgeUpdateLaunchServicesPreferredVersion --enable-features=CDPScreenshotNewSurface --allow-pre-commit-input --disable-hang-monitor --disable-ipc-flooding-protection --disable-popup-blocking --disable-prompt-on-repost --disable-renderer-backgrounding --disable-updater-scheduler --force-color-profile=srgb --metrics-recording-only --no-first-run --password-store=basic --use-mock-keychain --no-service-autorun --export-tagged-pdf --disable-search-engine-choice-screen --unsafely-disable-devtools-self-xss-warnings --edge-skip-compat-layer-relaunch --disable-infobars --disable-search-engine-choice-screen --disable-sync --enable-unsafe-swiftshader --no-sandbox --proxy-server=http://127.0.0.1:33977 --proxy-bypass-list=<-loopback> --no-sandbox --test-type --window-position=0,0 --window-size=1920,1280 --disable-quic --autoplay-policy=no-user-gesture-required --hide-scrollbars --disable-infobars --noerrdialogs --user-data-dir=/tmp/playwright_chromiumdev_profile-2HsNOQ --remote-debugging-pipe --no-startup-window
  - <launched> pid=2190
  - [pid=2190][err] [1002/122902.166756:WARNING:chrome/app/chrome_main_linux.cc:84] Read channel stable from /opt/google/chrome/CHROME_VERSION_EXTRA
  - [pid=2190][err] [2190:2206:1002/122902.286728:ERROR:dbus/bus.cc:405] Failed to connect to the bus: Failed to connect to socket /run/dbus/system_bus_socket: No such file or directory
  - [pid=2190][err] [2190:2206:1002/122902.287140:ERROR:dbus/bus.cc:405] Failed to connect to the bus: Could not parse server address: Unknown address type (examples of valid types are ""tcp"" and on UNIX ""unix"")
  - [pid=2190][err] [2190:2190:1002/122902.290806:ERROR:ui/ozone/platform/x11/ozone_platform_x11.cc:257] Missing X server or $DISPLAY
  - [pid=2190][err] [2190:2190:1002/122902.290837:ERROR:ui/aura/env.cc:246] The platform failed to initialize.  Exiting.
  - [pid=2190] <gracefully close start>
  - [pid=2190] <kill>
  - [pid=2190] <will force kill>
  - [pid=2190] <process did exit: exitCode=1, signal=null>
  - [pid=2190] starting temporary directories cleanup
  - [pid=2190] finished temporary directories cleanup
  - [pid=2190] <gracefully close end>
"
https://students.craftingcases.com/courses/take/structure-from-scratch/lessons/69812123-objective-driven-structures,05_module-5-objective-driven-structures/01_objective-driven-structures.mp4,failure,"attempt 2: BrowserType.launch: Target page, context or browser has been closed
Browser logs:

╔════════════════════════════════════════════════════════════════════════════════════════════════╗
║ Looks like you launched a headed browser without having a XServer running.                     ║
║ Set either 'headless: true' or use 'xvfb-run <your-playwright-app>' before running Playwright. ║
║                                                                                                ║
║ <3 Playwright Team                                                                             ║
╚════════════════════════════════════════════════════════════════════════════════════════════════╝
Call log:
  - <launching> /opt/google/chrome/chrome --disable-field-trial-config --disable-background-networking --disable-background-timer-throttling --disable-backgrounding-occluded-windows --disable-back-forward-cache --disable-breakpad --disable-client-side-phishing-detection --disable-component-extensions-with-background-pages --disable-component-update --no-default-browser-check --disable-default-apps --disable-dev-shm-usage --disable-edgeupdater --disable-extensions --disable-features=AvoidUnnecessaryBeforeUnloadCheckSync,DestroyProfileOnBrowserClose,DialMediaRouteProvider,GlobalMediaControls,HttpsUpgrades,LensOverlay,MediaRouter,PaintHolding,ThirdPartyStoragePartitioning,BlockOriginHeaderModificationOnRedirect,Translate,AutoDeElevate,OptimizationHints,msForceBrowserSignIn,msEdgeUpdateLaunchServicesPreferredVersion --enable-features=CDPScreenshotNewSurface --allow-pre-commit-input --disable-hang-monitor --disable-ipc-flooding-protection --disable-popup-blocking --disable-prompt-on-repost --disable-renderer-backgrounding --disable-updater-scheduler --force-color-profile=srgb --metrics-recording-only --no-first-run --password-store=basic --use-mock-keychain --no-service-autorun --export-tagged-pdf --disable-search-engine-choice-screen --unsafely-disable-devtools-self-xss-warnings --edge-skip-compat-layer-relaunch --disable-infobars --disable-search-engine-choice-screen --disable-sync --enable-unsafe-swiftshader --no-sandbox --proxy-server=http://127.0.0.1:33977 --proxy-bypass-list=<-loopback> --no-sandbox --test-type --window-position=0,0 --window-size=1920,1280 --disable-quic --autoplay-policy=no-user-gesture-required --hide-scrollbars --disable-infobars --noerrdialogs --user-data-dir=/tmp/playwright_chromiumdev_profile-obt5sz --remote-debugging-pipe --no-startup-window
  - <launched> pid=2287
  - [pid=2287][err] [1002/122903.697141:WARNING:chrome/app/chrome_main_linux.cc:84] Read channel stable from /opt/google/chrome/CHROME_VERSION_EXTRA
  - [pid=2287][err] [2287:2303:1002/122903.840785:ERROR:dbus/bus.cc:405] Failed to connect to the bus: Failed to connect to socket /run/dbus/system_bus_socket: No such file or directory
  - [pid=2287][err] [2287:2303:1002/122903.841377:ERROR:dbus/bus.cc:405] Failed to connect to the bus: Could not parse server address: Unknown address type (examples of valid types are ""tcp"" and on UNIX ""unix"")
  - [pid=2287][err] [2287:2287:1002/122903.843415:ERROR:ui/ozone/platform/x11/ozone_platform_x11.cc:257] Missing X server or $DISPLAY
  - [pid=2287][err] [2287:2287:1002/122903.844924:ERROR:ui/aura/env.cc:246] The platform failed to initialize.  Exiting.
  - [pid=2287] <gracefully close start>
  - [pid=2287] <kill>
  - [pid=2287] <will force kill>
  - [pid=2287] <process did exit: exitCode=1, signal=null>
  - [pid=2287] starting temporary directories cleanup
  - [pid=2287] finished temporary directories cleanup
  - [pid=2287] <gracefully close end>
"
https://students.craftingcases.com/courses/take/structure-from-scratch/lessons/69845102-drill-dtc-supplements-growth-strategy,06_module-6-open-ended-strategy/03_drill-dtc-supplements-growth-strategy.mp4,failure,"attempt 2: BrowserType.launch: Target page, context or browser has been closed
Browser logs:

╔════════════════════════════════════════════════════════════════════════════════════════════════╗
║ Looks like you launched a headed browser without having a XServer running.                     ║
║ Set either 'headless: true' or use 'xvfb-run <your-playwright-app>' before running Playwright. ║
║                                                                                                ║
║ <3 Playwright Team                                                                             ║
╚════════════════════════════════════════════════════════════════════════════════════════════════╝
Call log:
  - <launching> /opt/google/chrome/chrome --disable-field-trial-config --disable-background-networking --disable-background-timer-throttling --disable-backgrounding-occluded-windows --disable-back-forward-cache --disable-breakpad --disable-client-side-phishing-detection --disable-component-extensions-with-background-pages --disable-component-update --no-default-browser-check --disable-default-apps --disable-dev-shm-usage --disable-edgeupdater --disable-extensions --disable-features=AvoidUnnecessaryBeforeUnloadCheckSync,DestroyProfileOnBrowserClose,DialMediaRouteProvider,GlobalMediaControls,HttpsUpgrades,LensOverlay,MediaRouter,PaintHolding,ThirdPartyStoragePartitioning,BlockOriginHeaderModificationOnRedirect,Translate,AutoDeElevate,OptimizationHints,msForceBrowserSignIn,msEdgeUpdateLaunchServicesPreferredVersion --enable-features=CDPScreenshotNewSurface --allow-pre-commit-input --disable-hang-monitor --disable-ipc-flooding-protection --disable-popup-blocking --disable-prompt-on-repost --disable-renderer-backgrounding --disable-updater-scheduler --force-color-profile=srgb --metrics-recording-only --no-first-run --password-store=basic --use-mock-keychain --no-service-autorun --export-tagged-pdf --disable-search-engine-choice-screen --unsafely-disable-devtools-self-xss-warnings --edge-skip-compat-layer-relaunch --disable-infobars --disable-search-engine-choice-screen --disable-sync --enable-unsafe-swiftshader --no-sandbox --proxy-server=http://127.0.0.1:33977 --proxy-bypass-list=<-loopback> --no-sandbox --test-type --window-position=0,0 --window-size=1920,1280 --disable-quic --autoplay-policy=no-user-gesture-required --hide-scrollbars --disable-infobars --noerrdialogs --user-data-dir=/tmp/playwright_chromiumdev_profile-p7l1CT --remote-debugging-pipe --no-startup-window
  - <launched> pid=2373
  - [pid=2373][err] [1002/122905.569939:WARNING:chrome/app/chrome_main_linux.cc:84] Read channel stable from /opt/google/chrome/CHROME_VERSION_EXTRA
  - [pid=2373][err] [2373:2390:1002/122905.634724:ERROR:dbus/bus.cc:405] Failed to connect to the bus: Failed to connect to socket /run/dbus/system_bus_socket: No such file or directory
  - [pid=2373][err] [2373:2390:1002/122905.634850:ERROR:dbus/bus.cc:405] Failed to connect to the bus: Could not parse server address: Unknown address type (examples of valid types are ""tcp"" and on UNIX ""unix"")
  - [pid=2373][err] [2373:2373:1002/122905.637652:ERROR:ui/ozone/platform/x11/ozone_platform_x11.cc:257] Missing X server or $DISPLAY
  - [pid=2373][err] [2373:2373:1002/122905.638478:ERROR:ui/aura/env.cc:246] The platform failed to initialize.  Exiting.
  - [pid=2373] <gracefully close start>
  - [pid=2373] <kill>
  - [pid=2373] <will force kill>
  - [pid=2373][err] [2382:2382:0100/000000.652511:ERROR:content/zygote/zygote_linux.cc:662] write: Broken pipe (32)
  - [pid=2373] <process did exit: exitCode=1, signal=null>
  - [pid=2373] starting temporary directories cleanup
  - [pid=2373] finished temporary directories cleanup
  - [pid=2373] <gracefully close end>
"
https://students.craftingcases.com/courses/take/structure-from-scratch/lessons/69845118-drill-chinese-cars-competitive-response,06_module-6-open-ended-strategy/07_drill-chinese-cars-competitive-response.mp4,failure,"attempt 2: BrowserType.launch: Target page, context or browser has been closed
Browser logs:

╔════════════════════════════════════════════════════════════════════════════════════════════════╗
║ Looks like you launched a headed browser without having a XServer running.                     ║
║ Set either 'headless: true' or use 'xvfb-run <your-playwright-app>' before running Playwright. ║
║                                                                                                ║
║ <3 Playwright Team                                                                             ║
╚════════════════════════════════════════════════════════════════════════════════════════════════╝
Call log:
  - <launching> /opt/google/chrome/chrome --disable-field-trial-config --disable-background-networking --disable-background-timer-throttling --disable-backgrounding-occluded-windows --disable-back-forward-cache --disable-breakpad --disable-client-side-phishing-detection --disable-component-extensions-with-background-pages --disable-component-update --no-default-browser-check --disable-default-apps --disable-dev-shm-usage --disable-edgeupdater --disable-extensions --disable-features=AvoidUnnecessaryBeforeUnloadCheckSync,DestroyProfileOnBrowserClose,DialMediaRouteProvider,GlobalMediaControls,HttpsUpgrades,LensOverlay,MediaRouter,PaintHolding,ThirdPartyStoragePartitioning,BlockOriginHeaderModificationOnRedirect,Translate,AutoDeElevate,OptimizationHints,msForceBrowserSignIn,msEdgeUpdateLaunchServicesPreferredVersion --enable-features=CDPScreenshotNewSurface --allow-pre-commit-input --disable-hang-monitor --disable-ipc-flooding-protection --disable-popup-blocking --disable-prompt-on-repost --disable-renderer-backgrounding --disable-updater-scheduler --force-color-profile=srgb --metrics-recording-only --no-first-run --password-store=basic --use-mock-keychain --no-service-autorun --export-tagged-pdf --disable-search-engine-choice-screen --unsafely-disable-devtools-self-xss-warnings --edge-skip-compat-layer-relaunch --disable-infobars --disable-search-engine-choice-screen --disable-sync --enable-unsafe-swiftshader --no-sandbox --proxy-server=http://127.0.0.1:33977 --proxy-bypass-list=<-loopback> --no-sandbox --test-type --window-position=0,0 --window-size=1920,1280 --disable-quic --autoplay-policy=no-user-gesture-required --hide-scrollbars --disable-infobars --noerrdialogs --user-data-dir=/tmp/playwright_chromiumdev_profile-rBNwHJ --remote-debugging-pipe --no-startup-window
  - <launched> pid=2460
  - [pid=2460][err] [1002/122908.273760:WARNING:chrome/app/chrome_main_linux.cc:84] Read channel stable from /opt/google/chrome/CHROME_VERSION_EXTRA
  - [pid=2460][err] [2460:2504:1002/122908.431137:ERROR:dbus/bus.cc:405] Failed to connect to the bus: Failed to connect to socket /run/dbus/system_bus_socket: No such file or directory
  - [pid=2460][err] [2460:2504:1002/122908.431684:ERROR:dbus/bus.cc:405] Failed to connect to the bus: Could not parse server address: Unknown address type (examples of valid types are ""tcp"" and on UNIX ""unix"")
  - [pid=2460][err] [2460:2460:1002/122908.433961:ERROR:ui/ozone/platform/x11/ozone_platform_x11.cc:257] Missing X server or $DISPLAY
  - [pid=2460][err] [2460:2460:1002/122908.433993:ERROR:ui/aura/env.cc:246] The platform failed to initialize.  Exiting.
  - [pid=2460] <gracefully close start>
  - [pid=2460] <kill>
  - [pid=2460] <will force kill>
  - [pid=2460] <process did exit: exitCode=1, signal=null>
  - [pid=2460] starting temporary directories cleanup
  - [pid=2460] finished temporary directories cleanup
  - [pid=2460] <gracefully close end>
"
https://students.craftingcases.com/courses/take/structure-from-scratch/lessons/69807589-the-interweaving-technique,04_module-4-strategic-decisions/02_the-interweaving-technique.mp4,failure,"attempt 2: BrowserType.launch: Target page, context or browser has been closed
Browser logs:

╔════════════════════════════════════════════════════════════════════════════════════════════════╗
║ Looks like you launched a headed browser without having a XServer running.                     ║
║ Set either 'headless: true' or use 'xvfb-run <your-playwright-app>' before running Playwright. ║
║                                                                                                ║
║ <3 Playwright Team                                                                             ║
╚════════════════════════════════════════════════════════════════════════════════════════════════╝
Call log:
  - <launching> /opt/google/chrome/chrome --disable-field-trial-config --disable-background-networking --disable-background-timer-throttling --disable-backgrounding-occluded-windows --disable-back-forward-cache --disable-breakpad --disable-client-side-phishing-detection --disable-component-extensions-with-background-pages --disable-component-update --no-default-browser-check --disable-default-apps --disable-dev-shm-usage --disable-edgeupdater --disable-extensions --disable-features=AvoidUnnecessaryBeforeUnloadCheckSync,DestroyProfileOnBrowserClose,DialMediaRouteProvider,GlobalMediaControls,HttpsUpgrades,LensOverlay,MediaRouter,PaintHolding,ThirdPartyStoragePartitioning,BlockOriginHeaderModificationOnRedirect,Translate,AutoDeElevate,OptimizationHints,msForceBrowserSignIn,msEdgeUpdateLaunchServicesPreferredVersion --enable-features=CDPScreenshotNewSurface --allow-pre-commit-input --disable-hang-monitor --disable-ipc-flooding-protection --disable-popup-blocking --disable-prompt-on-repost --disable-renderer-backgrounding --disable-updater-scheduler --force-color-profile=srgb --metrics-recording-only --no-first-run --password-store=basic --use-mock-keychain --no-service-autorun --export-tagged-pdf --disable-search-engine-choice-screen --unsafely-disable-devtools-self-xss-warnings --edge-skip-compat-layer-relaunch --disable-infobars --disable-search-engine-choice-screen --disable-sync --enable-unsafe-swiftshader --no-sandbox --proxy-server=http://127.0.0.1:33977 --proxy-bypass-list=<-loopback> --no-sandbox --test-type --window-position=0,0 --window-size=1920,1280 --disable-quic --autoplay-policy=no-user-gesture-required --hide-scrollbars --disable-infobars --noerrdialogs --user-data-dir=/tmp/playwright_chromiumdev_profile-Lsp5F2 --remote-debugging-pipe --no-startup-window
  - <launched> pid=2602
  - [pid=2602][err] [1002/122911.672560:WARNING:chrome/app/chrome_main_linux.cc:84] Read channel stable from /opt/google/chrome/CHROME_VERSION_EXTRA
  - [pid=2602][err] [2602:2602:1002/122911.820565:ERROR:ui/ozone/platform/x11/ozone_platform_x11.cc:257] Missing X server or $DISPLAY
  - [pid=2602][err] [2602:2602:1002/122911.821208:ERROR:ui/aura/env.cc:246] The platform failed to initialize.  Exiting.
  - [pid=2602] <gracefully close start>
  - [pid=2602] <kill>
  - [pid=2602] <will force kill>
  - [pid=2602] <process did exit: exitCode=1, signal=null>
  - [pid=2602] starting temporary directories cleanup
  - [pid=2602] finished temporary directories cleanup
  - [pid=2602] <gracefully close end>
"
https://students.craftingcases.com/courses/take/structure-from-scratch/lessons/69761583-drill-nature-greens-new-channel,02_module-2-analytical-decisions/09_drill-nature-greens-new-channel.mp4,failure,"attempt 2: BrowserType.launch: Target page, context or browser has been closed
Browser logs:

╔════════════════════════════════════════════════════════════════════════════════════════════════╗
║ Looks like you launched a headed browser without having a XServer running.                     ║
║ Set either 'headless: true' or use 'xvfb-run <your-playwright-app>' before running Playwright. ║
║                                                                                                ║
║ <3 Playwright Team                                                                             ║
╚════════════════════════════════════════════════════════════════════════════════════════════════╝
Call log:
  - <launching> /opt/google/chrome/chrome --disable-field-trial-config --disable-background-networking --disable-background-timer-throttling --disable-backgrounding-occluded-windows --disable-back-forward-cache --disable-breakpad --disable-client-side-phishing-detection --disable-component-extensions-with-background-pages --disable-component-update --no-default-browser-check --disable-default-apps --disable-dev-shm-usage --disable-edgeupdater --disable-extensions --disable-features=AvoidUnnecessaryBeforeUnloadCheckSync,DestroyProfileOnBrowserClose,DialMediaRouteProvider,GlobalMediaControls,HttpsUpgrades,LensOverlay,MediaRouter,PaintHolding,ThirdPartyStoragePartitioning,BlockOriginHeaderModificationOnRedirect,Translate,AutoDeElevate,OptimizationHints,msForceBrowserSignIn,msEdgeUpdateLaunchServicesPreferredVersion --enable-features=CDPScreenshotNewSurface --allow-pre-commit-input --disable-hang-monitor --disable-ipc-flooding-protection --disable-popup-blocking --disable-prompt-on-repost --disable-renderer-backgrounding --disable-updater-scheduler --force-color-profile=srgb --metrics-recording-only --no-first-run --password-store=basic --use-mock-keychain --no-service-autorun --export-tagged-pdf --disable-search-engine-choice-screen --unsafely-disable-devtools-self-xss-warnings --edge-skip-compat-layer-relaunch --disable-infobars --disable-search-engine-choice-screen --disable-sync --enable-unsafe-swiftshader --no-sandbox --proxy-server=http://127.0.0.1:33977 --proxy-bypass-list=<-loopback> --no-sandbox --test-type --window-position=0,0 --window-size=1920,1280 --disable-quic --autoplay-policy=no-user-gesture-required --hide-scrollbars --disable-infobars --noerrdialogs --user-data-dir=/tmp/playwright_chromiumdev_profile-Sgq5Ff --remote-debugging-pipe --no-startup-window
  - <launched> pid=2679
  - [pid=2679][err] [1002/122914.337947:WARNING:chrome/app/chrome_main_linux.cc:84] Read channel stable from /opt/google/chrome/CHROME_VERSION_EXTRA
  - [pid=2679][err] [2679:2705:1002/122914.589647:ERROR:dbus/bus.cc:405] Failed to connect to the bus: Failed to connect to socket /run/dbus/system_bus_socket: No such file or directory
  - [pid=2679][err] [2679:2705:1002/122914.589784:ERROR:dbus/bus.cc:405] Failed to connect to the bus: Could not parse server address: Unknown address type (examples of valid types are ""tcp"" and on UNIX ""unix"")
  - [pid=2679][err] [2679:2679:1002/122914.609442:ERROR:ui/ozone/platform/x11/ozone_platform_x11.cc:257] Missing X server or $DISPLAY
  - [pid=2679][err] [2679:2679:1002/122914.609457:ERROR:ui/aura/env.cc:246] The platform failed to initialize.  Exiting.
  - [pid=2679] <gracefully close start>
  - [pid=2679] <kill>
  - [pid=2679] <will force kill>
  - [pid=2679] <process did exit: exitCode=1, signal=null>
  - [pid=2679] starting temporary directories cleanup
  - [pid=2679] finished temporary directories cleanup
  - [pid=2679] <gracefully close end>
"
https://students.craftingcases.com/courses/take/structure-from-scratch/lessons/70344668-drill-vinyl-records-turnaround,03_module-3-diagnosis-cases/08_drill-vinyl-records-turnaround.mp4,failure,"attempt 2: BrowserType.launch: Target page, context or browser has been closed
Browser logs:

╔════════════════════════════════════════════════════════════════════════════════════════════════╗
║ Looks like you launched a headed browser without having a XServer running.                     ║
║ Set either 'headless: true' or use 'xvfb-run <your-playwright-app>' before running Playwright. ║
║                                                                                                ║
║ <3 Playwright Team                                                                             ║
╚════════════════════════════════════════════════════════════════════════════════════════════════╝
Call log:
  - <launching> /opt/google/chrome/chrome --disable-field-trial-config --disable-background-networking --disable-background-timer-throttling --disable-backgrounding-occluded-windows --disable-back-forward-cache --disable-breakpad --disable-client-side-phishing-detection --disable-component-extensions-with-background-pages --disable-component-update --no-default-browser-check --disable-default-apps --disable-dev-shm-usage --disable-edgeupdater --disable-extensions --disable-features=AvoidUnnecessaryBeforeUnloadCheckSync,DestroyProfileOnBrowserClose,DialMediaRouteProvider,GlobalMediaControls,HttpsUpgrades,LensOverlay,MediaRouter,PaintHolding,ThirdPartyStoragePartitioning,BlockOriginHeaderModificationOnRedirect,Translate,AutoDeElevate,OptimizationHints,msForceBrowserSignIn,msEdgeUpdateLaunchServicesPreferredVersion --enable-features=CDPScreenshotNewSurface --allow-pre-commit-input --disable-hang-monitor --disable-ipc-flooding-protection --disable-popup-blocking --disable-prompt-on-repost --disable-renderer-backgrounding --disable-updater-scheduler --force-color-profile=srgb --metrics-recording-only --no-first-run --password-store=basic --use-mock-keychain --no-service-autorun --export-tagged-pdf --disable-search-engine-choice-screen --unsafely-disable-devtools-self-xss-warnings --edge-skip-compat-layer-relaunch --disable-infobars --disable-search-engine-choice-screen --disable-sync --enable-unsafe-swiftshader --no-sandbox --proxy-server=http://127.0.0.1:33977 --proxy-bypass-list=<-loopback> --no-sandbox --test-type --window-position=0,0 --window-size=1920,1280 --disable-quic --autoplay-policy=no-user-gesture-required --hide-scrollbars --disable-infobars --noerrdialogs --user-data-dir=/tmp/playwright_chromiumdev_profile-lbhEz4 --remote-debugging-pipe --no-startup-window
  - <launched> pid=2779
  - [pid=2779][err] [1002/122917.844426:WARNING:chrome/app/chrome_main_linux.cc:84] Read channel stable from /opt/google/chrome/CHROME_VERSION_EXTRA
  - [pid=2779][err] [2779:2779:1002/122917.918747:ERROR:ui/ozone/platform/x11/ozone_platform_x11.cc:257] Missing X server or $DISPLAY
  - [pid=2779][err] [2779:2779:1002/122917.919083:ERROR:ui/aura/env.cc:246] The platform failed to initialize.  Exiting.
  - [pid=2779][err] [2779:2795:1002/122917.920234:ERROR:dbus/bus.cc:405] Failed to connect to the bus: Failed to connect to socket /run/dbus/system_bus_socket: No such file or directory
  - [pid=2779][err] [2779:2795:1002/122917.920269:ERROR:dbus/bus.cc:405] Failed to connect to the bus: Could not parse server address: Unknown address type (examples of valid types are ""tcp"" and on UNIX ""unix"")
  - [pid=2779] <gracefully close start>
  - [pid=2779] <kill>
  - [pid=2779] <will force kill>
  - [pid=2779] <process did exit: exitCode=1, signal=null>
  - [pid=2779] starting temporary directories cleanup
  - [pid=2779] finished temporary directories cleanup
  - [pid=2779] <gracefully close end>
"
https://students.craftingcases.com/courses/take/structure-from-scratch/lessons/70344676-drill-ski-resort-revenue-increase,03_module-3-diagnosis-cases/09_drill-ski-resort-revenue-increase.mp4,failure,"attempt 2: BrowserType.launch: Target page, context or browser has been closed
Browser logs:

╔════════════════════════════════════════════════════════════════════════════════════════════════╗
║ Looks like you launched a headed browser without having a XServer running.                     ║
║ Set either 'headless: true' or use 'xvfb-run <your-playwright-app>' before running Playwright. ║
║                                                                                                ║
║ <3 Playwright Team                                                                             ║
╚════════════════════════════════════════════════════════════════════════════════════════════════╝
Call log:
  - <launching> /opt/google/chrome/chrome --disable-field-trial-config --disable-background-networking --disable-background-timer-throttling --disable-backgrounding-occluded-windows --disable-back-forward-cache --disable-breakpad --disable-client-side-phishing-detection --disable-component-extensions-with-background-pages --disable-component-update --no-default-browser-check --disable-default-apps --disable-dev-shm-usage --disable-edgeupdater --disable-extensions --disable-features=AvoidUnnecessaryBeforeUnloadCheckSync,DestroyProfileOnBrowserClose,DialMediaRouteProvider,GlobalMediaControls,HttpsUpgrades,LensOverlay,MediaRouter,PaintHolding,ThirdPartyStoragePartitioning,BlockOriginHeaderModificationOnRedirect,Translate,AutoDeElevate,OptimizationHints,msForceBrowserSignIn,msEdgeUpdateLaunchServicesPreferredVersion --enable-features=CDPScreenshotNewSurface --allow-pre-commit-input --disable-hang-monitor --disable-ipc-flooding-protection --disable-popup-blocking --disable-prompt-on-repost --disable-renderer-backgrounding --disable-updater-scheduler --force-color-profile=srgb --metrics-recording-only --no-first-run --password-store=basic --use-mock-keychain --no-service-autorun --export-tagged-pdf --disable-search-engine-choice-screen --unsafely-disable-devtools-self-xss-warnings --edge-skip-compat-layer-relaunch --disable-infobars --disable-search-engine-choice-screen --disable-sync --enable-unsafe-swiftshader --no-sandbox --proxy-server=http://127.0.0.1:33977 --proxy-bypass-list=<-loopback> --no-sandbox --test-type --window-position=0,0 --window-size=1920,1280 --disable-quic --autoplay-policy=no-user-gesture-required --hide-scrollbars --disable-infobars --noerrdialogs --user-data-dir=/tmp/playwright_chromiumdev_profile-qAnsXE --remote-debugging-pipe --no-startup-window
  - <launched> pid=2887
  - [pid=2887][err] [1002/122920.756762:WARNING:chrome/app/chrome_main_linux.cc:84] Read channel stable from /opt/google/chrome/CHROME_VERSION_EXTRA
  - [pid=2887][err] [2887:2910:1002/122921.119830:ERROR:dbus/bus.cc:405] Failed to connect to the bus: Failed to connect to socket /run/dbus/system_bus_socket: No such file or directory
  - [pid=2887][err] [2887:2887:1002/122921.126364:ERROR:ui/ozone/platform/x11/ozone_platform_x11.cc:257] Missing X server or $DISPLAY
  - [pid=2887][err] [2887:2887:1002/122921.126634:ERROR:ui/aura/env.cc:246] The platform failed to initialize.  Exiting.
  - [pid=2887][err] [2887:2910:1002/122921.128085:ERROR:dbus/bus.cc:405] Failed to connect to the bus: Could not parse server address: Unknown address type (examples of valid types are ""tcp"" and on UNIX ""unix"")
  - [pid=2887] <gracefully close start>
  - [pid=2887] <kill>
  - [pid=2887] <will force kill>
  - [pid=2887] <process did exit: exitCode=1, signal=null>
  - [pid=2887] starting temporary directories cleanup
  - [pid=2887] finished temporary directories cleanup
  - [pid=2887] <gracefully close end>
"
