url,filename,seconds,module,title
https://students.craftingcases.com/courses/take/structure-from-scratch/lessons/69761556-analytical-decisions,02_module-2-analytical-decisions/01_analytical-decisions.mp4,3542,Module 2 - Analytical Decisions,Analytical Decisions
https://students.craftingcases.com/courses/take/structure-from-scratch/lessons/69868062-what-else-brainstorming-the-pivoting-technique-advanced,07_module-7-structured-throughout-the-case/20_what-else-brainstorming-the-pivoting-technique-advanced.mp4,3469,Module 7 - Structured throughout the case,"""What else?"" Brainstorming: The Pivoting Technique (Advanced)"
https://students.craftingcases.com/courses/take/structure-from-scratch/lessons/69812127-objective-driven-building-blocks,05_module-5-objective-driven-structures/06_objective-driven-building-blocks.mp4,3398,Module 5 - Objective-driven Structures,Objective-driven Building Blocks
https://students.craftingcases.com/courses/take/structure-from-scratch/lessons/69762006-diagnosis-cases,03_module-3-diagnosis-cases/01_diagnosis-cases.mp4,3274,Module 3 - Diagnosis Cases,Diagnosis Cases
https://students.craftingcases.com/courses/take/structure-from-scratch/lessons/69807570-strategic-decisions,04_module-4-strategic-decisions/01_strategic-decisions.mp4,3164,Module 4 - Strategic Decisions,Strategic Decisions
https://students.craftingcases.com/courses/take/structure-from-scratch/lessons/69812920-open-ended-strategy,06_module-6-open-ended-strategy/01_open-ended-strategy.mp4,3025,Module 6 - Open-ended Strategy,Open-ended Strategy
https://students.craftingcases.com/courses/take/structure-from-scratch/lessons/69812961-building-option-trees,06_module-6-open-ended-strategy/02_building-option-trees.mp4,3004,Module 6 - Open-ended Strategy,Building Option Trees
https://students.craftingcases.com/courses/take/structure-from-scratch/lessons/69868364-80-20-brainstorming-the-focus-and-expand-technique-advanced,07_module-7-structured-throughout-the-case/22_80-20-brainstorming-the-focus-and-expand-technique-advanced.mp4,3003,Module 7 - Structured throughout the case,"80/20 Brainstorming: The ""Focus and Expand"" Technique (Advanced)"
https://students.craftingcases.com/courses/take/structure-from-scratch/lessons/69747386-the-tools-of-the-trade,01_module-1-the-structure-from-scratch-system/04_the-tools-of-the-trade.mp4,2408,Module 1 - The Structure from Scratch System,The Tools of the Trade
https://students.craftingcases.com/courses/take/structure-from-scratch/lessons/69746076-the-4-types-of-cases,01_module-1-the-structure-from-scratch-system/03_the-4-types-of-cases.mp4,2391,Module 1 - The Structure from Scratch System,The 4 Types of Cases
https://students.craftingcases.com/courses/take/structure-from-scratch/lessons/75400639-drill-local-media-growth-strategy,06_module-6-open-ended-strategy/10_drill-local-media-growth-strategy.mp4,2257,Module 6 - Open-ended Strategy,Drill: Local Media (Growth Strategy)
https://students.craftingcases.com/courses/take/structure-from-scratch/lessons/69830691-drill-ecommerce-conversions,03_module-3-diagnosis-cases/03_drill-ecommerce-conversions.mp4,2225,Module 3 - Diagnosis Cases,Drill: Ecommerce Conversions
https://students.craftingcases.com/courses/take/structure-from-scratch/lessons/69868144-pivoting-technique-drill-traffic-bottlenecks,07_module-7-structured-throughout-the-case/21_pivoting-technique-drill-traffic-bottlenecks.mp4,2181,Module 7 - Structured throughout the case,Pivoting Technique Drill: Traffic Bottlenecks
https://students.craftingcases.com/courses/take/structure-from-scratch/lessons/69845108-drill-ai-traffic-lights-pricing,06_module-6-open-ended-strategy/05_drill-ai-traffic-lights-pricing.mp4,2116,Module 6 - Open-ended Strategy,Drill: AI Traffic Lights (Pricing)
https://students.craftingcases.com/courses/take/structure-from-scratch/lessons/69868479-focus-and-expand-drill-prioritization-masterclass,07_module-7-structured-throughout-the-case/23_focus-and-expand-drill-prioritization-masterclass.mp4,2057,Module 7 - Structured throughout the case,"""Focus and Expand"" Drill: Prioritization Masterclass"
https://students.craftingcases.com/courses/take/structure-from-scratch/lessons/69834758-drill-fashion-m-a,04_module-4-strategic-decisions/03_drill-fashion-m-a.mp4,2051,Module 4 - Strategic Decisions,Drill: Fashion M&A
https://students.craftingcases.com/courses/take/structure-from-scratch/lessons/69830749-drill-hospital-wait-time-operations,03_module-3-diagnosis-cases/04_drill-hospital-wait-time-operations.mp4,2020,Module 3 - Diagnosis Cases,Drill: Hospital Wait Time (Operations)
https://students.craftingcases.com/courses/take/structure-from-scratch/lessons/69845111-drill-sanitation-public-sector,06_module-6-open-ended-strategy/06_drill-sanitation-public-sector.mp4,2000,Module 6 - Open-ended Strategy,Drill: Sanitation (Public Sector)
https://students.craftingcases.com/courses/take/structure-from-scratch/lessons/70854982-drill-suplement-manufacturing-pe,05_module-5-objective-driven-structures/10_drill-suplement-manufacturing-pe.mp4,1987,Module 5 - Objective-driven Structures,Drill: Suplement Manufacturing (PE)
https://students.craftingcases.com/courses/take/structure-from-scratch/lessons/70854988-drill-college-vc-new-product,05_module-5-objective-driven-structures/11_drill-college-vc-new-product.mp4,1978,Module 5 - Objective-driven Structures,Drill: College VC (New Product)
https://students.craftingcases.com/courses/take/structure-from-scratch/lessons/69762015-building-mece-issue-trees,03_module-3-diagnosis-cases/02_building-mece-issue-trees.mp4,1934,Module 3 - Diagnosis Cases,Building MECE Issue Trees
https://students.craftingcases.com/courses/take/structure-from-scratch/lessons/69812123-objective-driven-structures,05_module-5-objective-driven-structures/01_objective-driven-structures.mp4,1881,Module 5 - Objective-driven Structures,Objective-driven Structures
https://students.craftingcases.com/courses/take/structure-from-scratch/lessons/69845102-drill-dtc-supplements-growth-strategy,06_module-6-open-ended-strategy/03_drill-dtc-supplements-growth-strategy.mp4,1824,Module 6 - Open-ended Strategy,Drill: DTC Supplements (Growth Strategy)
https://students.craftingcases.com/courses/take/structure-from-scratch/lessons/69845118-drill-chinese-cars-competitive-response,06_module-6-open-ended-strategy/07_drill-chinese-cars-competitive-response.mp4,1762,Module 6 - Open-ended Strategy,Drill: Chinese cars (Competitive Response)
https://students.craftingcases.com/courses/take/structure-from-scratch/lessons/69807589-the-interweaving-technique,04_module-4-strategic-decisions/02_the-interweaving-technique.mp4,1724,Module 4 - Strategic Decisions,The Interweaving Technique
https://students.craftingcases.com/courses/take/structure-from-scratch/lessons/69761583-drill-nature-greens-new-channel,02_module-2-analytical-decisions/09_drill-nature-greens-new-channel.mp4,1668,Module 2 - Analytical Decisions,Drill: Nature Greens (New Channel)
https://students.craftingcases.com/courses/take/structure-from-scratch/lessons/70344668-drill-vinyl-records-turnaround,03_module-3-diagnosis-cases/08_drill-vinyl-records-turnaround.mp4,1608,Module 3 - Diagnosis Cases,Drill: Vinyl Records (Turnaround)
https://students.craftingcases.com/courses/take/structure-from-scratch/lessons/70344676-drill-ski-resort-revenue-increase,03_module-3-diagnosis-cases/09_drill-ski-resort-revenue-increase.mp4,1591,Module 3 - Diagnosis Cases,Drill: Ski Resort Revenue Increase
https://students.craftingcases.com/courses/take/structure-from-scratch/lessons/70352515-drill-booking-com-new-financial-product,04_module-4-strategic-decisions/10_drill-booking-com-new-financial-product.mp4,1578,Module 4 - Strategic Decisions,Drill: Booking.com (New Financial Product)
https://students.craftingcases.com/courses/take/structure-from-scratch/lessons/69834784-drill-elder-care-private-equity,04_module-4-strategic-decisions/04_drill-elder-care-private-equity.mp4,1574,Module 4 - Strategic Decisions,Drill: Elder care (Private Equity)
https://students.craftingcases.com/courses/take/structure-from-scratch/lessons/69867533-bs-drill-funeral-industry-profit-decrease,07_module-7-structured-throughout-the-case/14_bs-drill-funeral-industry-profit-decrease.mp4,1547,Module 7 - Structured throughout the case,BS Drill: Funeral Industry Profit Decrease
https://students.craftingcases.com/courses/take/structure-from-scratch/lessons/69761587-drill-traffic-jam-investment-decision,02_module-2-analytical-decisions/11_drill-traffic-jam-investment-decision.mp4,1545,Module 2 - Analytical Decisions,Drill: Traffic Jam (Investment Decision)
https://students.craftingcases.com/courses/take/structure-from-scratch/lessons/69761563-the-5-ways-to-be-mece,02_module-2-analytical-decisions/02_the-5-ways-to-be-mece.mp4,1544,Module 2 - Analytical Decisions,The 5 Ways to be MECE
https://students.craftingcases.com/courses/take/structure-from-scratch/lessons/70352558-drill-document-simplification-plan,04_module-4-strategic-decisions/12_drill-document-simplification-plan.mp4,1515,Module 4 - Strategic Decisions,Drill: Document simplification plan
https://students.craftingcases.com/courses/take/structure-from-scratch/lessons/69834814-drill-electric-bikes-market-entry,04_module-4-strategic-decisions/06_drill-electric-bikes-market-entry.mp4,1511,Module 4 - Strategic Decisions,Drill: Electric Bikes (Market Entry)
https://students.craftingcases.com/courses/take/structure-from-scratch/lessons/69867447-bs-drill-luxury-furniture-profit-decrease,07_module-7-structured-throughout-the-case/03_bs-drill-luxury-furniture-profit-decrease.mp4,1508,Module 7 - Structured throughout the case,BS Drill: Luxury Furniture Profit Decrease
https://students.craftingcases.com/courses/take/structure-from-scratch/lessons/69761580-drill-toothbrushes-market-entry,02_module-2-analytical-decisions/08_drill-toothbrushes-market-entry.mp4,1505,Module 2 - Analytical Decisions,Drill: Toothbrushes (Market Entry)
https://students.craftingcases.com/courses/take/structure-from-scratch/lessons/70855593-drill-runners-ecom-revenue-growth,06_module-6-open-ended-strategy/08_drill-runners-ecom-revenue-growth.mp4,1494,Module 6 - Open-ended Strategy,Drill: Runners Ecom (Revenue Growth)
https://students.craftingcases.com/courses/take/structure-from-scratch/lessons/69845107-drill-sunglasses-franchising,06_module-6-open-ended-strategy/04_drill-sunglasses-franchising.mp4,1483,Module 6 - Open-ended Strategy,Drill: Sunglasses (Franchising)
https://students.craftingcases.com/courses/take/structure-from-scratch/lessons/70855610-drill-oil-country-economic-development,06_module-6-open-ended-strategy/11_drill-oil-country-economic-development.mp4,1471,Module 6 - Open-ended Strategy,Drill: Oil Country (Economic development)
https://students.craftingcases.com/courses/take/structure-from-scratch/lessons/69744960-the-structure-from-scratch-system,01_module-1-the-structure-from-scratch-system/01_the-structure-from-scratch-system.mp4,1462,Module 1 - The Structure from Scratch System,The Structure from Scratch System
https://students.craftingcases.com/courses/take/structure-from-scratch/lessons/69830753-drill-same-store-sales-decline,03_module-3-diagnosis-cases/05_drill-same-store-sales-decline.mp4,1456,Module 3 - Diagnosis Cases,Drill: Same-store sales decline
https://students.craftingcases.com/courses/take/structure-from-scratch/lessons/69830765-drill-accounting-saas-profit-drivers,03_module-3-diagnosis-cases/06_drill-accounting-saas-profit-drivers.mp4,1451,Module 3 - Diagnosis Cases,Drill: Accounting SaaS Profit Drivers
https://students.craftingcases.com/courses/take/structure-from-scratch/lessons/69843073-drill-apple-privacy,05_module-5-objective-driven-structures/05_drill-apple-privacy.mp4,1447,Module 5 - Objective-driven Structures,Drill: Apple Privacy
https://students.craftingcases.com/courses/take/structure-from-scratch/lessons/70854967-drill-tech-mattresses-market-entry,05_module-5-objective-driven-structures/08_drill-tech-mattresses-market-entry.mp4,1437,Module 5 - Objective-driven Structures,Drill: Tech Mattresses (Market Entry)
https://students.craftingcases.com/courses/take/structure-from-scratch/lessons/69830774-drill-city-traffic,03_module-3-diagnosis-cases/07_drill-city-traffic.mp4,1427,Module 3 - Diagnosis Cases,Drill: City Traffic
https://students.craftingcases.com/courses/take/structure-from-scratch/lessons/69867246-bs-drill-spotify-revenue-decrease,07_module-7-structured-throughout-the-case/02_bs-drill-spotify-revenue-decrease.mp4,1408,Module 7 - Structured throughout the case,BS Drill: Spotify Revenue Decrease
https://students.craftingcases.com/courses/take/structure-from-scratch/lessons/69834793-drill-zara-market-exit,04_module-4-strategic-decisions/05_drill-zara-market-exit.mp4,1394,Module 4 - Strategic Decisions,Drill: Zara Market Exit
https://students.craftingcases.com/courses/take/structure-from-scratch/lessons/70344816-drill-airline-maintenance-costs,03_module-3-diagnosis-cases/11_drill-airline-maintenance-costs.mp4,1365,Module 3 - Diagnosis Cases,Drill: Airline Maintenance Costs
https://students.craftingcases.com/courses/take/structure-from-scratch/lessons/69834832-drill-new-subway-line-public-sector,04_module-4-strategic-decisions/07_drill-new-subway-line-public-sector.mp4,1328,Module 4 - Strategic Decisions, Drill: New Subway Line (Public Sector)
https://students.craftingcases.com/courses/take/structure-from-scratch/lessons/70344822-drill-standardized-tests,03_module-3-diagnosis-cases/12_drill-standardized-tests.mp4,1325,Module 3 - Diagnosis Cases,Drill: Standardized Tests
https://students.craftingcases.com/courses/take/structure-from-scratch/lessons/69867468-bs-drill-amazon-barriers-to-entry,07_module-7-structured-throughout-the-case/05_bs-drill-amazon-barriers-to-entry.mp4,1291,Module 7 - Structured throughout the case,BS Drill: Amazon Barriers to Entry
https://students.craftingcases.com/courses/take/structure-from-scratch/lessons/69843059-drill-hagoromo-chalk-acquisition,05_module-5-objective-driven-structures/03_drill-hagoromo-chalk-acquisition.mp4,1287,Module 5 - Objective-driven Structures,Drill: Hagoromo Chalk (Acquisition)
https://students.craftingcases.com/courses/take/structure-from-scratch/lessons/69761577-drill-flowers-ecom-new-product,02_module-2-analytical-decisions/06_drill-flowers-ecom-new-product.mp4,1276,Module 2 - Analytical Decisions,Drill: Flowers ecom (New Product)
https://students.craftingcases.com/courses/take/structure-from-scratch/lessons/70344839-drill-supermarket-whitelabeling,04_module-4-strategic-decisions/08_drill-supermarket-whitelabeling.mp4,1258,Module 4 - Strategic Decisions,Drill: Supermarket (Whitelabeling)
https://students.craftingcases.com/courses/take/structure-from-scratch/lessons/69843057-drill-electricity-deregulation,05_module-5-objective-driven-structures/02_drill-electricity-deregulation.mp4,1243,Module 5 - Objective-driven Structures,Drill: Electricity Deregulation
https://students.craftingcases.com/courses/take/structure-from-scratch/lessons/69868803-focus-and-expand-technique-complex-industry-trend,07_module-7-structured-throughout-the-case/24_focus-and-expand-technique-complex-industry-trend.mp4,1227,Module 7 - Structured throughout the case,"""Focus and Expand"" Technique: Complex Industry Trend"
https://students.craftingcases.com/courses/take/structure-from-scratch/lessons/70344791-drill-local-gym-m-a,03_module-3-diagnosis-cases/10_drill-local-gym-m-a.mp4,1213,Module 3 - Diagnosis Cases,Drill: Local Gym (M&A)
https://students.craftingcases.com/courses/take/structure-from-scratch/lessons/70347057-drill-colombian-unemployment,04_module-4-strategic-decisions/09_drill-colombian-unemployment.mp4,1206,Module 4 - Strategic Decisions,Drill: Colombian Unemployment
https://students.craftingcases.com/courses/take/structure-from-scratch/lessons/69761573-drill-dow-chemical-capacity,02_module-2-analytical-decisions/04_drill-dow-chemical-capacity.mp4,1199,Module 2 - Analytical Decisions,Drill: Dow Chemical (Capacity)
https://students.craftingcases.com/courses/take/structure-from-scratch/lessons/70352540-drill-amazon-shipping-verticalization,04_module-4-strategic-decisions/11_drill-amazon-shipping-verticalization.mp4,1199,Module 4 - Strategic Decisions,Drill: Amazon Shipping (Verticalization)
https://students.craftingcases.com/courses/take/structure-from-scratch/lessons/69867515-bs-drill-netflix-potential-revenue-streams,07_module-7-structured-throughout-the-case/12_bs-drill-netflix-potential-revenue-streams.mp4,1165,Module 7 - Structured throughout the case,BS Drill: Netflix Potential Revenue Streams
https://students.craftingcases.com/courses/take/structure-from-scratch/lessons/70854971-drill-electric-cars-market-entry,05_module-5-objective-driven-structures/09_drill-electric-cars-market-entry.mp4,1155,Module 5 - Objective-driven Structures,Drill: Electric Cars (Market Entry)
https://students.craftingcases.com/courses/take/structure-from-scratch/lessons/69761578-drill-food-truck-market-entry,02_module-2-analytical-decisions/07_drill-food-truck-market-entry.mp4,1154,Module 2 - Analytical Decisions,Drill: Food Truck (Market Entry)
https://students.craftingcases.com/courses/take/structure-from-scratch/lessons/69761570-drill-weber-grills-outsourcing,02_module-2-analytical-decisions/03_drill-weber-grills-outsourcing.mp4,1151,Module 2 - Analytical Decisions,Drill: Weber Grills (Outsourcing)
https://students.craftingcases.com/courses/take/structure-from-scratch/lessons/69867474-bs-drill-erp-switching-costs,07_module-7-structured-throughout-the-case/06_bs-drill-erp-switching-costs.mp4,1140,Module 7 - Structured throughout the case,BS Drill: ERP Switching Costs
https://students.craftingcases.com/courses/take/structure-from-scratch/lessons/69745573-what-is-structuring,01_module-1-the-structure-from-scratch-system/02_what-is-structuring.mp4,1123,Module 1 - The Structure from Scratch System,What is structuring
https://students.craftingcases.com/courses/take/structure-from-scratch/lessons/69761585-drill-rotisserie-chicken-pricing,02_module-2-analytical-decisions/10_drill-rotisserie-chicken-pricing.mp4,1036,Module 2 - Analytical Decisions,Drill: Rotisserie Chicken (Pricing)
https://students.craftingcases.com/courses/take/structure-from-scratch/lessons/69867578-bs-drill-movie-theater-industry-consolidation,07_module-7-structured-throughout-the-case/17_bs-drill-movie-theater-industry-consolidation.mp4,1030,Module 7 - Structured throughout the case,BS Drill: Movie Theater Industry Consolidation
https://students.craftingcases.com/courses/take/structure-from-scratch/lessons/69843076-drill-big-pharma-acquisition,05_module-5-objective-driven-structures/07_drill-big-pharma-acquisition.mp4,1028,Module 5 - Objective-driven Structures,Drill: Big Pharma (Acquisition)
https://students.craftingcases.com/courses/take/structure-from-scratch/lessons/69867541-bs-drill-retail-bank-synergies,07_module-7-structured-throughout-the-case/15_bs-drill-retail-bank-synergies.mp4,1025,Module 7 - Structured throughout the case,BS Drill: Retail Bank Synergies
https://students.craftingcases.com/courses/take/structure-from-scratch/lessons/70855598-drill-meeting-ai-pricing,06_module-6-open-ended-strategy/09_drill-meeting-ai-pricing.mp4,1005,Module 6 - Open-ended Strategy,Drill: Meeting AI (Pricing)
https://students.craftingcases.com/courses/take/structure-from-scratch/lessons/69757440-the-3-structuring-building-blocks,01_module-1-the-structure-from-scratch-system/05_the-3-structuring-building-blocks.mp4,973,Module 1 - The Structure from Scratch System,The 3 Structuring Building Blocks
https://students.craftingcases.com/courses/take/structure-from-scratch/lessons/69761574-drill-led-light-bulbs-pricing,02_module-2-analytical-decisions/05_drill-led-light-bulbs-pricing.mp4,954,Module 2 - Analytical Decisions,Drill: LED Light Bulbs (Pricing)
https://students.craftingcases.com/courses/take/structure-from-scratch/lessons/69867527-bs-drill-star-wars-revenue-streams,07_module-7-structured-throughout-the-case/13_bs-drill-star-wars-revenue-streams.mp4,917,Module 7 - Structured throughout the case,BS Drill: Star Wars Revenue Streams
https://students.craftingcases.com/courses/take/structure-from-scratch/lessons/69867491-bs-drill-insurance-industry-costs,07_module-7-structured-throughout-the-case/08_bs-drill-insurance-industry-costs.mp4,842,Module 7 - Structured throughout the case,BS Drill: Insurance Industry Costs
https://students.craftingcases.com/courses/take/structure-from-scratch/lessons/69867588-bs-drill-measurement-system-switching-costs,07_module-7-structured-throughout-the-case/19_bs-drill-measurement-system-switching-costs.mp4,827,Module 7 - Structured throughout the case,BS Drill: Measurement system switching costs
https://students.craftingcases.com/courses/take/structure-from-scratch/lessons/69867496-bs-drill-in-vitro-diagnosis-costs,07_module-7-structured-throughout-the-case/09_bs-drill-in-vitro-diagnosis-costs.mp4,818,Module 7 - Structured throughout the case,BS Drill: In-vitro Diagnosis Costs
https://students.craftingcases.com/courses/take/structure-from-scratch/lessons/69867548-bs-drill-cosmetic-door-to-door-sales-risks,07_module-7-structured-throughout-the-case/16_bs-drill-cosmetic-door-to-door-sales-risks.mp4,790,Module 7 - Structured throughout the case,BS Drill: Cosmetic Door-to-door Sales Risks
https://students.craftingcases.com/courses/take/structure-from-scratch/lessons/69867485-bs-drill-rail-cargo-operations-costs,07_module-7-structured-throughout-the-case/07_bs-drill-rail-cargo-operations-costs.mp4,763,Module 7 - Structured throughout the case,BS Drill: Rail Cargo Operations Costs
https://students.craftingcases.com/courses/take/structure-from-scratch/lessons/69867503-bs-drill-auto-company-revenue-streams,07_module-7-structured-throughout-the-case/10_bs-drill-auto-company-revenue-streams.mp4,687,Module 7 - Structured throughout the case,BS Drill: Auto Company Revenue Streams
https://students.craftingcases.com/courses/take/structure-from-scratch/lessons/69867509-bs-drill-supermarket-revenue-streams,07_module-7-structured-throughout-the-case/11_bs-drill-supermarket-revenue-streams.mp4,684,Module 7 - Structured throughout the case,BS Drill: Supermarket Revenue Streams
https://students.craftingcases.com/courses/take/structure-from-scratch/lessons/69843061-drill-supermarket-private-label,05_module-5-objective-driven-structures/04_drill-supermarket-private-label.mp4,561,Module 5 - Objective-driven Structures,Drill: Supermarket (Private Label)
https://students.craftingcases.com/courses/take/structure-from-scratch/lessons/69869225-hypo-testing-drill-toothbrushes-willingness-to-pay,07_module-7-structured-throughout-the-case/25_hypo-testing-drill-toothbrushes-willingness-to-pay.mp4,521,Module 7 - Structured throughout the case,Hypo-testing Drill: Toothbrushes (willingness to pay)
https://students.craftingcases.com/courses/take/structure-from-scratch/lessons/69869240-hypo-testing-drill-automotive-m-a-economies-of-scale,07_module-7-structured-throughout-the-case/26_hypo-testing-drill-automotive-m-a-economies-of-scale.mp4,485,Module 7 - Structured throughout the case,Hypo-testing Drill: Automotive M&A (economies of scale)
https://students.craftingcases.com/courses/take/structure-from-scratch/lessons/69867457-bs-drill-airline-merger-synergies,07_module-7-structured-throughout-the-case/04_bs-drill-airline-merger-synergies.mp4,470,Module 7 - Structured throughout the case,BS Drill: Airline Merger Synergies
https://students.craftingcases.com/courses/take/structure-from-scratch/lessons/69867584-bs-drill-barriers-to-entry-in-high-end-universities,07_module-7-structured-throughout-the-case/18_bs-drill-barriers-to-entry-in-high-end-universities.mp4,288,Module 7 - Structured throughout the case,BS Drill: Barriers to entry in high-end universities
